target,location,truth_date,year_week,value
hospital admissions,AT,2023-06-18,2023-W24,1
hospital admissions,AT,2023-06-11,2023-W23,2
hospital admissions,AT,2023-06-04,2023-W22,4
hospital admissions,AT,2023-05-28,2023-W21,3
hospital admissions,AT,2023-05-21,2023-W20,2
hospital admissions,AT,2023-05-14,2023-W19,4
hospital admissions,AT,2023-05-07,2023-W18,1
hospital admissions,AT,2023-04-30,2023-W17,4
hospital admissions,AT,2023-04-23,2023-W16,4
hospital admissions,AT,2023-04-16,2023-W15,14
hospital admissions,AT,2023-04-09,2023-W14,15
hospital admissions,AT,2023-04-02,2023-W13,30
hospital admissions,AT,2023-03-26,2023-W12,67
hospital admissions,AT,2023-03-19,2023-W11,73
hospital admissions,AT,2023-03-12,2023-W10,102
hospital admissions,AT,2023-03-05,2023-W09,72
hospital admissions,AT,2023-02-26,2023-W08,113
hospital admissions,AT,2023-02-19,2023-W07,122
hospital admissions,AT,2023-02-12,2023-W06,91
hospital admissions,AT,2023-02-05,2023-W05,76
hospital admissions,AT,2023-01-29,2023-W04,85
hospital admissions,AT,2023-01-22,2023-W03,68
hospital admissions,AT,2023-01-15,2023-W02,68
hospital admissions,AT,2023-01-08,2023-W01,126
hospital admissions,AT,2023-01-01,2022-W52,111
hospital admissions,AT,2022-12-25,2022-W51,167
hospital admissions,AT,2022-12-18,2022-W50,160
hospital admissions,AT,2022-12-11,2022-W49,158
hospital admissions,AT,2022-12-04,2022-W48,128
hospital admissions,AT,2022-11-27,2022-W47,148
hospital admissions,AT,2022-11-20,2022-W46,141
hospital admissions,AT,2022-11-13,2022-W45,149
hospital admissions,AT,2022-11-06,2022-W44,140
hospital admissions,AT,2022-10-30,2022-W43,166
hospital admissions,AT,2022-10-23,2022-W42,184
hospital admissions,AT,2022-10-16,2022-W41,238
hospital admissions,AT,2022-10-09,2022-W40,25
hospital admissions,AT,2022-10-02,2022-W39,423
hospital admissions,AT,2022-09-25,2022-W38,385
hospital admissions,AT,2022-09-18,2022-W37,296
hospital admissions,AT,2022-09-11,2022-W36,222
hospital admissions,AT,2022-09-04,2022-W35,242
hospital admissions,AT,2022-08-28,2022-W34,261
hospital admissions,AT,2022-08-21,2022-W33,310
hospital admissions,AT,2022-08-14,2022-W32,249
hospital admissions,AT,2022-08-07,2022-W31,298
hospital admissions,AT,2022-07-31,2022-W30,469
hospital admissions,AT,2022-07-24,2022-W29,559
hospital admissions,AT,2022-07-17,2022-W28,609
hospital admissions,AT,2022-07-10,2022-W27,449
hospital admissions,AT,2022-07-03,2022-W26,409
hospital admissions,AT,2022-06-26,2022-W25,377
hospital admissions,BE,2023-07-02,2023-W26,116
hospital admissions,BE,2023-06-25,2023-W25,139
hospital admissions,BE,2023-06-18,2023-W24,211
hospital admissions,BE,2023-06-11,2023-W23,238
hospital admissions,BE,2023-06-04,2023-W22,306
hospital admissions,BE,2023-05-28,2023-W21,394
hospital admissions,BE,2023-05-21,2023-W20,549
hospital admissions,BE,2023-05-14,2023-W19,655
hospital admissions,BE,2023-05-07,2023-W18,830
hospital admissions,BE,2023-04-30,2023-W17,960
hospital admissions,BE,2023-04-23,2023-W16,1184
hospital admissions,BE,2023-04-16,2023-W15,1349
hospital admissions,BE,2023-04-09,2023-W14,1507
hospital admissions,BE,2023-04-02,2023-W13,1954
hospital admissions,BE,2023-03-26,2023-W12,2237
hospital admissions,BE,2023-03-19,2023-W11,2347
hospital admissions,BE,2023-03-12,2023-W10,1981
hospital admissions,BE,2023-03-05,2023-W09,1735
hospital admissions,BE,2023-02-26,2023-W08,1540
hospital admissions,BE,2023-02-19,2023-W07,1215
hospital admissions,BE,2023-02-12,2023-W06,950
hospital admissions,BE,2023-02-05,2023-W05,808
hospital admissions,BE,2023-01-29,2023-W04,663
hospital admissions,BE,2023-01-22,2023-W03,857
hospital admissions,BE,2023-01-15,2023-W02,1086
hospital admissions,BE,2023-01-08,2023-W01,1594
hospital admissions,BE,2023-01-01,2022-W52,799
hospital admissions,BE,2022-12-25,2022-W51,932
hospital admissions,BE,2022-12-18,2022-W50,890
hospital admissions,BE,2022-12-11,2022-W49,666
hospital admissions,BE,2022-12-04,2022-W48,533
hospital admissions,BE,2022-11-27,2022-W47,416
hospital admissions,BE,2022-11-20,2022-W46,330
hospital admissions,BE,2022-11-13,2022-W45,363
hospital admissions,BE,2022-11-06,2022-W44,344
hospital admissions,BE,2022-10-30,2022-W43,512
hospital admissions,BE,2022-10-23,2022-W42,747
hospital admissions,BE,2022-10-16,2022-W41,742
hospital admissions,BE,2022-10-09,2022-W40,772
hospital admissions,BE,2022-10-02,2022-W39,651
hospital admissions,BE,2022-09-25,2022-W38,487
hospital admissions,BE,2022-09-18,2022-W37,382
hospital admissions,BE,2022-09-11,2022-W36,394
hospital admissions,BE,2022-09-04,2022-W35,414
hospital admissions,BE,2022-08-28,2022-W34,462
hospital admissions,BE,2022-08-21,2022-W33,556
hospital admissions,BE,2022-08-14,2022-W32,660
hospital admissions,BE,2022-08-07,2022-W31,796
hospital admissions,BE,2022-07-31,2022-W30,933
hospital admissions,BE,2022-07-24,2022-W29,1099
hospital admissions,BE,2022-07-17,2022-W28,1172
hospital admissions,BE,2022-07-10,2022-W27,1010
hospital admissions,BE,2022-07-03,2022-W26,838
hospital admissions,BE,2022-06-26,2022-W25,700
hospital admissions,CY,2024-12-01,2024-W48,18
hospital admissions,CY,2024-11-24,2024-W47,21
hospital admissions,CY,2024-11-17,2024-W46,16
hospital admissions,CY,2024-11-10,2024-W45,25
hospital admissions,CY,2024-11-03,2024-W44,28
hospital admissions,CY,2024-10-27,2024-W43,21
hospital admissions,CY,2024-10-20,2024-W42,19
hospital admissions,CY,2024-10-13,2024-W41,19
hospital admissions,CY,2024-10-06,2024-W40,21
hospital admissions,CY,2024-09-29,2024-W39,25
hospital admissions,CY,2024-09-22,2024-W38,16
hospital admissions,CY,2024-09-15,2024-W37,22
hospital admissions,CY,2024-09-08,2024-W36,29
hospital admissions,CY,2024-09-01,2024-W35,40
hospital admissions,CY,2024-08-25,2024-W34,35
hospital admissions,CY,2024-08-18,2024-W33,51
hospital admissions,CY,2024-08-11,2024-W32,54
hospital admissions,CY,2024-08-04,2024-W31,49
hospital admissions,CY,2024-07-28,2024-W30,72
hospital admissions,CY,2024-07-21,2024-W29,64
hospital admissions,CY,2024-07-14,2024-W28,79
hospital admissions,CY,2024-07-07,2024-W27,67
hospital admissions,CY,2024-06-30,2024-W26,58
hospital admissions,CY,2024-06-23,2024-W25,34
hospital admissions,CY,2024-06-16,2024-W24,22
hospital admissions,CY,2024-06-09,2024-W23,16
hospital admissions,CY,2024-06-02,2024-W22,13
hospital admissions,CY,2024-05-26,2024-W21,8
hospital admissions,CY,2024-05-19,2024-W20,6
hospital admissions,CY,2024-05-12,2024-W19,6
hospital admissions,CY,2024-05-05,2024-W18,7
hospital admissions,CY,2024-04-28,2024-W17,3
hospital admissions,CY,2024-04-21,2024-W16,2
hospital admissions,CY,2024-04-14,2024-W15,4
hospital admissions,CY,2024-04-07,2024-W14,6
hospital admissions,CY,2024-03-31,2024-W13,11
hospital admissions,CY,2024-03-24,2024-W12,7
hospital admissions,CY,2024-03-17,2024-W11,8
hospital admissions,CY,2024-03-10,2024-W10,6
hospital admissions,CY,2024-03-03,2024-W09,16
hospital admissions,CY,2024-02-25,2024-W08,13
hospital admissions,CY,2024-02-18,2024-W07,15
hospital admissions,CY,2024-02-11,2024-W06,25
hospital admissions,CY,2024-02-04,2024-W05,21
hospital admissions,CY,2024-01-28,2024-W04,46
hospital admissions,CY,2024-01-21,2024-W03,54
hospital admissions,CY,2024-01-14,2024-W02,109
hospital admissions,CY,2024-01-07,2024-W01,109
hospital admissions,CY,2023-12-31,2023-W52,111
hospital admissions,CY,2023-12-24,2023-W51,77
hospital admissions,CY,2023-12-17,2023-W50,60
hospital admissions,CY,2023-12-10,2023-W49,54
hospital admissions,CY,2023-12-03,2023-W48,36
hospital admissions,CY,2023-11-26,2023-W47,16
hospital admissions,CY,2023-11-19,2023-W46,24
hospital admissions,CY,2023-11-12,2023-W45,28
hospital admissions,CY,2023-11-05,2023-W44,27
hospital admissions,CY,2023-10-29,2023-W43,38
hospital admissions,CY,2023-10-22,2023-W42,28
hospital admissions,CY,2023-10-15,2023-W41,51
hospital admissions,CY,2023-10-08,2023-W40,47
hospital admissions,CY,2023-10-01,2023-W39,54
hospital admissions,CY,2023-09-24,2023-W38,45
hospital admissions,CY,2023-09-17,2023-W37,37
hospital admissions,CY,2023-09-10,2023-W36,31
hospital admissions,CY,2023-09-03,2023-W35,35
hospital admissions,CY,2023-08-27,2023-W34,47
hospital admissions,CY,2023-08-20,2023-W33,59
hospital admissions,CY,2023-08-13,2023-W32,31
hospital admissions,CY,2023-08-06,2023-W31,38
hospital admissions,CY,2023-07-30,2023-W30,45
hospital admissions,CY,2023-07-23,2023-W29,30
hospital admissions,CY,2023-07-16,2023-W28,16
hospital admissions,CY,2023-07-09,2023-W27,9
hospital admissions,CY,2023-07-02,2023-W26,8
hospital admissions,CY,2023-06-25,2023-W25,10
hospital admissions,CY,2023-06-18,2023-W24,16
hospital admissions,CY,2023-06-11,2023-W23,18
hospital admissions,CY,2023-06-04,2023-W22,36
hospital admissions,CY,2023-05-28,2023-W21,30
hospital admissions,CY,2023-05-21,2023-W20,51
hospital admissions,CY,2023-05-14,2023-W19,46
hospital admissions,CY,2023-05-07,2023-W18,30
hospital admissions,CY,2023-04-30,2023-W17,34
hospital admissions,CY,2023-04-23,2023-W16,51
hospital admissions,CY,2023-04-16,2023-W15,33
hospital admissions,CY,2023-04-09,2023-W14,41
hospital admissions,CY,2023-04-02,2023-W13,37
hospital admissions,CY,2023-03-26,2023-W12,31
hospital admissions,CY,2023-03-19,2023-W11,31
hospital admissions,CY,2023-03-12,2023-W10,35
hospital admissions,CY,2023-03-05,2023-W09,39
hospital admissions,CY,2023-02-26,2023-W08,8
hospital admissions,CY,2023-02-19,2023-W07,3
hospital admissions,CY,2023-02-12,2023-W06,7
hospital admissions,CY,2023-02-05,2023-W05,18
hospital admissions,CY,2023-01-29,2023-W04,31
hospital admissions,CY,2023-01-22,2023-W03,48
hospital admissions,CY,2023-01-15,2023-W02,85
hospital admissions,CY,2023-01-08,2023-W01,70
hospital admissions,CY,2023-01-01,2022-W52,51
hospital admissions,CY,2022-12-25,2022-W51,63
hospital admissions,CY,2022-12-18,2022-W50,61
hospital admissions,CY,2022-12-11,2022-W49,69
hospital admissions,CY,2022-12-04,2022-W48,72
hospital admissions,CY,2022-11-27,2022-W47,63
hospital admissions,CY,2022-11-20,2022-W46,70
hospital admissions,CY,2022-11-13,2022-W45,52
hospital admissions,CY,2022-11-06,2022-W44,68
hospital admissions,CY,2022-10-30,2022-W43,59
hospital admissions,CY,2022-10-23,2022-W42,46
hospital admissions,CY,2022-10-16,2022-W41,53
hospital admissions,CY,2022-10-09,2022-W40,38
hospital admissions,CY,2022-10-02,2022-W39,38
hospital admissions,CY,2022-09-25,2022-W38,48
hospital admissions,CY,2022-09-18,2022-W37,47
hospital admissions,CY,2022-09-11,2022-W36,33
hospital admissions,CY,2022-09-04,2022-W35,32
hospital admissions,CY,2022-08-28,2022-W34,38
hospital admissions,CY,2022-08-21,2022-W33,58
hospital admissions,CY,2022-08-14,2022-W32,42
hospital admissions,CY,2022-08-07,2022-W31,69
hospital admissions,CY,2022-07-31,2022-W30,65
hospital admissions,CY,2022-07-24,2022-W29,100
hospital admissions,CY,2022-07-17,2022-W28,115
hospital admissions,CY,2022-07-10,2022-W27,130
hospital admissions,CY,2022-07-03,2022-W26,107
hospital admissions,CY,2022-06-26,2022-W25,74
hospital admissions,CZ,2026-08-09,2026-W32,1
hospital admissions,CZ,2026-08-02,2026-W31,3
hospital admissions,CZ,2026-07-26,2026-W30,1
hospital admissions,CZ,2026-07-19,2026-W29,0
hospital admissions,CZ,2026-07-12,2026-W28,0
hospital admissions,CZ,2026-07-05,2026-W27,0
hospital admissions,CZ,2026-06-28,2026-W26,1
hospital admissions,CZ,2026-06-21,2026-W25,1
hospital admissions,CZ,2026-06-14,2026-W24,1
hospital admissions,CZ,2026-06-07,2026-W23,0
hospital admissions,CZ,2026-05-31,2026-W22,1
hospital admissions,CZ,2026-05-24,2026-W21,4
hospital admissions,CZ,2026-05-17,2026-W20,2
hospital admissions,CZ,2026-05-10,2026-W19,2
hospital admissions,CZ,2026-05-03,2026-W18,9
hospital admissions,CZ,2026-04-26,2026-W17,9
hospital admissions,CZ,2026-04-19,2026-W16,6
hospital admissions,CZ,2026-04-12,2026-W15,3
hospital admissions,CZ,2026-04-05,2026-W14,3
hospital admissions,CZ,2026-03-29,2026-W13,1
hospital admissions,CZ,2026-03-22,2026-W12,3
hospital admissions,CZ,2026-03-15,2026-W11,7
hospital admissions,CZ,2026-03-08,2026-W10,2
hospital admissions,CZ,2026-03-01,2026-W09,12
hospital admissions,CZ,2026-02-22,2026-W08,10
hospital admissions,CZ,2026-02-15,2026-W07,20
hospital admissions,CZ,2026-02-08,2026-W06,8
hospital admissions,CZ,2026-02-01,2026-W05,12
hospital admissions,CZ,2026-01-25,2026-W04,16
hospital admissions,CZ,2026-01-18,2026-W03,15
hospital admissions,CZ,2026-01-11,2026-W02,20
hospital admissions,CZ,2026-01-04,2026-W01,35
hospital admissions,CZ,2025-12-28,2025-W52,33
hospital admissions,CZ,2025-12-21,2025-W51,40
hospital admissions,CZ,2025-12-14,2025-W50,57
hospital admissions,CZ,2025-12-07,2025-W49,48
hospital admissions,CZ,2025-11-30,2025-W48,36
hospital admissions,CZ,2025-11-23,2025-W47,42
hospital admissions,CZ,2025-11-16,2025-W46,46
hospital admissions,CZ,2025-11-09,2025-W45,58
hospital admissions,CZ,2025-11-02,2025-W44,57
hospital admissions,CZ,2025-10-26,2025-W43,100
hospital admissions,CZ,2025-10-19,2025-W42,109
hospital admissions,CZ,2025-10-12,2025-W41,152
hospital admissions,CZ,2025-10-05,2025-W40,103
hospital admissions,CZ,2025-09-28,2025-W39,102
hospital admissions,CZ,2025-09-21,2025-W38,84
hospital admissions,CZ,2025-09-14,2025-W37,44
hospital admissions,CZ,2025-09-07,2025-W36,25
hospital admissions,CZ,2025-08-31,2025-W35,24
hospital admissions,CZ,2025-08-24,2025-W34,12
hospital admissions,CZ,2025-08-17,2025-W33,10
hospital admissions,CZ,2025-08-10,2025-W32,12
hospital admissions,CZ,2025-08-03,2025-W31,5
hospital admissions,CZ,2025-07-27,2025-W30,4
hospital admissions,CZ,2025-07-20,2025-W29,7
hospital admissions,CZ,2025-07-13,2025-W28,4
hospital admissions,CZ,2025-07-06,2025-W27,10
hospital admissions,CZ,2025-06-29,2025-W26,4
hospital admissions,CZ,2025-06-22,2025-W25,8
hospital admissions,CZ,2025-06-15,2025-W24,2
hospital admissions,CZ,2025-06-08,2025-W23,8
hospital admissions,CZ,2025-06-01,2025-W22,11
hospital admissions,CZ,2025-05-25,2025-W21,6
hospital admissions,CZ,2025-05-18,2025-W20,7
hospital admissions,CZ,2025-05-11,2025-W19,1
hospital admissions,CZ,2025-05-04,2025-W18,2
hospital admissions,CZ,2025-04-27,2025-W17,2
hospital admissions,CZ,2025-04-20,2025-W16,6
hospital admissions,CZ,2025-04-13,2025-W15,5
hospital admissions,CZ,2025-04-06,2025-W14,4
hospital admissions,CZ,2025-03-30,2025-W13,4
hospital admissions,CZ,2025-03-23,2025-W12,5
hospital admissions,CZ,2025-03-16,2025-W11,8
hospital admissions,CZ,2025-03-09,2025-W10,9
hospital admissions,CZ,2025-03-02,2025-W09,20
hospital admissions,CZ,2025-02-23,2025-W08,13
hospital admissions,CZ,2025-02-16,2025-W07,10
hospital admissions,CZ,2025-02-09,2025-W06,16
hospital admissions,CZ,2025-02-02,2025-W05,16
hospital admissions,CZ,2025-01-26,2025-W04,21
hospital admissions,CZ,2025-01-19,2025-W03,19
hospital admissions,CZ,2025-01-12,2025-W02,45
hospital admissions,CZ,2025-01-05,2025-W01,33
hospital admissions,CZ,2024-12-29,2024-W52,27
hospital admissions,CZ,2024-12-22,2024-W51,46
hospital admissions,CZ,2024-12-15,2024-W50,82
hospital admissions,CZ,2024-12-08,2024-W49,69
hospital admissions,CZ,2024-12-01,2024-W48,70
hospital admissions,CZ,2024-11-24,2024-W47,77
hospital admissions,CZ,2024-11-17,2024-W46,75
hospital admissions,CZ,2024-11-10,2024-W45,101
hospital admissions,CZ,2024-11-03,2024-W44,127
hospital admissions,CZ,2024-10-27,2024-W43,200
hospital admissions,CZ,2024-10-20,2024-W42,227
hospital admissions,CZ,2024-10-13,2024-W41,285
hospital admissions,CZ,2024-10-06,2024-W40,286
hospital admissions,CZ,2024-09-29,2024-W39,253
hospital admissions,CZ,2024-09-22,2024-W38,162
hospital admissions,CZ,2024-09-15,2024-W37,77
hospital admissions,CZ,2024-09-08,2024-W36,63
hospital admissions,CZ,2024-09-01,2024-W35,50
hospital admissions,CZ,2024-08-25,2024-W34,31
hospital admissions,CZ,2024-08-18,2024-W33,53
hospital admissions,CZ,2024-08-11,2024-W32,32
hospital admissions,CZ,2024-08-04,2024-W31,13
hospital admissions,CZ,2024-07-28,2024-W30,13
hospital admissions,CZ,2024-07-21,2024-W29,9
hospital admissions,CZ,2024-07-14,2024-W28,7
hospital admissions,CZ,2024-07-07,2024-W27,2
hospital admissions,CZ,2024-06-30,2024-W26,5
hospital admissions,CZ,2024-06-23,2024-W25,4
hospital admissions,CZ,2024-06-16,2024-W24,4
hospital admissions,CZ,2024-06-09,2024-W23,3
hospital admissions,CZ,2024-06-02,2024-W22,4
hospital admissions,CZ,2024-05-26,2024-W21,4
hospital admissions,CZ,2024-05-19,2024-W20,3
hospital admissions,CZ,2024-05-12,2024-W19,2
hospital admissions,CZ,2024-05-05,2024-W18,5
hospital admissions,CZ,2024-04-28,2024-W17,2
hospital admissions,CZ,2024-04-21,2024-W16,4
hospital admissions,CZ,2024-04-14,2024-W15,9
hospital admissions,CZ,2024-04-07,2024-W14,3
hospital admissions,CZ,2024-03-31,2024-W13,5
hospital admissions,CZ,2024-03-24,2024-W12,9
hospital admissions,CZ,2024-03-17,2024-W11,9
hospital admissions,CZ,2024-03-10,2024-W10,10
hospital admissions,CZ,2024-03-03,2024-W09,13
hospital admissions,CZ,2024-02-25,2024-W08,33
hospital admissions,CZ,2024-02-18,2024-W07,29
hospital admissions,CZ,2024-02-11,2024-W06,53
hospital admissions,CZ,2024-02-04,2024-W05,65
hospital admissions,CZ,2024-01-28,2024-W04,85
hospital admissions,CZ,2024-01-21,2024-W03,145
hospital admissions,CZ,2024-01-14,2024-W02,208
hospital admissions,CZ,2024-01-07,2024-W01,328
hospital admissions,CZ,2023-12-31,2023-W52,432
hospital admissions,CZ,2023-12-24,2023-W51,576
hospital admissions,CZ,2023-12-17,2023-W50,777
hospital admissions,CZ,2023-12-10,2023-W49,797
hospital admissions,CZ,2023-12-03,2023-W48,560
hospital admissions,CZ,2023-11-26,2023-W47,558
hospital admissions,CZ,2023-11-19,2023-W46,404
hospital admissions,CZ,2023-11-12,2023-W45,354
hospital admissions,CZ,2023-11-05,2023-W44,352
hospital admissions,CZ,2023-10-29,2023-W43,329
hospital admissions,CZ,2023-10-22,2023-W42,220
hospital admissions,CZ,2023-10-15,2023-W41,203
hospital admissions,CZ,2023-10-08,2023-W40,156
hospital admissions,CZ,2023-10-01,2023-W39,149
hospital admissions,CZ,2023-09-24,2023-W38,115
hospital admissions,CZ,2023-09-17,2023-W37,94
hospital admissions,CZ,2023-09-10,2023-W36,49
hospital admissions,CZ,2023-09-03,2023-W35,19
hospital admissions,CZ,2023-08-27,2023-W34,28
hospital admissions,CZ,2023-08-20,2023-W33,8
hospital admissions,CZ,2023-08-13,2023-W32,9
hospital admissions,CZ,2023-08-06,2023-W31,10
hospital admissions,CZ,2023-07-30,2023-W30,4
hospital admissions,CZ,2023-07-23,2023-W29,6
hospital admissions,CZ,2023-07-16,2023-W28,8
hospital admissions,CZ,2023-07-09,2023-W27,6
hospital admissions,CZ,2023-07-02,2023-W26,5
hospital admissions,CZ,2023-06-25,2023-W25,7
hospital admissions,CZ,2023-06-18,2023-W24,13
hospital admissions,CZ,2023-06-11,2023-W23,14
hospital admissions,CZ,2023-06-04,2023-W22,19
hospital admissions,CZ,2023-05-28,2023-W21,25
hospital admissions,CZ,2023-05-21,2023-W20,48
hospital admissions,CZ,2023-05-14,2023-W19,59
hospital admissions,CZ,2023-05-07,2023-W18,65
hospital admissions,CZ,2023-04-30,2023-W17,114
hospital admissions,CZ,2023-04-23,2023-W16,123
hospital admissions,CZ,2023-04-16,2023-W15,215
hospital admissions,CZ,2023-04-09,2023-W14,204
hospital admissions,CZ,2023-04-02,2023-W13,287
hospital admissions,CZ,2023-03-26,2023-W12,407
hospital admissions,CZ,2023-03-19,2023-W11,551
hospital admissions,CZ,2023-03-12,2023-W10,520
hospital admissions,CZ,2023-03-05,2023-W09,442
hospital admissions,CZ,2023-02-26,2023-W08,571
hospital admissions,CZ,2023-02-19,2023-W07,441
hospital admissions,CZ,2023-02-12,2023-W06,348
hospital admissions,CZ,2023-02-05,2023-W05,266
hospital admissions,CZ,2023-01-29,2023-W04,180
hospital admissions,CZ,2023-01-22,2023-W03,191
hospital admissions,CZ,2023-01-15,2023-W02,213
hospital admissions,CZ,2023-01-08,2023-W01,362
hospital admissions,CZ,2023-01-01,2022-W52,423
hospital admissions,CZ,2022-12-25,2022-W51,451
hospital admissions,CZ,2022-12-18,2022-W50,573
hospital admissions,CZ,2022-12-11,2022-W49,544
hospital admissions,CZ,2022-12-04,2022-W48,446
hospital admissions,CZ,2022-11-27,2022-W47,450
hospital admissions,CZ,2022-11-20,2022-W46,414
hospital admissions,CZ,2022-11-13,2022-W45,463
hospital admissions,CZ,2022-11-06,2022-W44,526
hospital admissions,CZ,2022-10-30,2022-W43,665
hospital admissions,CZ,2022-10-23,2022-W42,823
hospital admissions,CZ,2022-10-16,2022-W41,1624
hospital admissions,CZ,2022-10-09,2022-W40,1999
hospital admissions,CZ,2022-10-02,2022-W39,1973
hospital admissions,CZ,2022-09-25,2022-W38,1314
hospital admissions,CZ,2022-09-18,2022-W37,1036
hospital admissions,CZ,2022-09-11,2022-W36,892
hospital admissions,CZ,2022-09-04,2022-W35,781
hospital admissions,CZ,2022-08-28,2022-W34,824
hospital admissions,CZ,2022-08-21,2022-W33,1063
hospital admissions,CZ,2022-08-14,2022-W32,1184
hospital admissions,CZ,2022-08-07,2022-W31,1279
hospital admissions,CZ,2022-07-31,2022-W30,1385
hospital admissions,CZ,2022-07-24,2022-W29,1170
hospital admissions,CZ,2022-07-17,2022-W28,696
hospital admissions,CZ,2022-07-10,2022-W27,341
hospital admissions,CZ,2022-07-03,2022-W26,302
hospital admissions,CZ,2022-06-26,2022-W25,158
hospital admissions,DK,2022-11-06,2022-W44,10
hospital admissions,DK,2022-10-30,2022-W43,257
hospital admissions,DK,2022-10-23,2022-W42,415
hospital admissions,DK,2022-10-16,2022-W41,470
hospital admissions,DK,2022-10-09,2022-W40,470
hospital admissions,DK,2022-10-02,2022-W39,382
hospital admissions,DK,2022-09-25,2022-W38,295
hospital admissions,DK,2022-09-18,2022-W37,89
hospital admissions,DK,2022-09-11,2022-W36,237
hospital admissions,DK,2022-09-04,2022-W35,189
hospital admissions,DK,2022-08-28,2022-W34,260
hospital admissions,DK,2022-08-21,2022-W33,363
hospital admissions,DK,2022-08-14,2022-W32,386
hospital admissions,DK,2022-08-07,2022-W31,393
hospital admissions,DK,2022-07-31,2022-W30,359
hospital admissions,DK,2022-07-24,2022-W29,435
hospital admissions,DK,2022-07-17,2022-W28,463
hospital admissions,DK,2022-07-10,2022-W27,439
hospital admissions,DK,2022-07-03,2022-W26,374
hospital admissions,DK,2022-06-26,2022-W25,334
hospital admissions,EE,2026-07-26,2026-W30,1
hospital admissions,EE,2026-07-19,2026-W29,1
hospital admissions,EE,2026-06-14,2026-W24,1
hospital admissions,EE,2026-05-17,2026-W20,2
hospital admissions,EE,2026-05-10,2026-W19,2
hospital admissions,EE,2026-05-03,2026-W18,1
hospital admissions,EE,2026-04-19,2026-W16,8
hospital admissions,EE,2026-04-12,2026-W15,6
hospital admissions,EE,2026-04-05,2026-W14,10
hospital admissions,EE,2026-03-29,2026-W13,9
hospital admissions,EE,2026-03-22,2026-W12,27
hospital admissions,EE,2026-03-15,2026-W11,23
hospital admissions,EE,2026-03-08,2026-W10,17
hospital admissions,EE,2026-03-01,2026-W09,22
hospital admissions,EE,2026-02-22,2026-W08,22
hospital admissions,EE,2026-02-15,2026-W07,39
hospital admissions,EE,2026-02-08,2026-W06,31
hospital admissions,EE,2026-02-01,2026-W05,25
hospital admissions,EE,2026-01-25,2026-W04,39
hospital admissions,EE,2026-01-18,2026-W03,41
hospital admissions,EE,2026-01-11,2026-W02,30
hospital admissions,EE,2026-01-04,2026-W01,33
hospital admissions,EE,2025-12-28,2025-W52,18
hospital admissions,EE,2025-12-21,2025-W51,27
hospital admissions,EE,2025-12-14,2025-W50,25
hospital admissions,EE,2025-12-07,2025-W49,26
hospital admissions,EE,2025-11-30,2025-W48,18
hospital admissions,EE,2025-11-23,2025-W47,24
hospital admissions,EE,2025-11-16,2025-W46,21
hospital admissions,EE,2025-11-09,2025-W45,29
hospital admissions,EE,2025-11-02,2025-W44,32
hospital admissions,EE,2025-10-26,2025-W43,40
hospital admissions,EE,2025-10-19,2025-W42,36
hospital admissions,EE,2025-10-12,2025-W41,17
hospital admissions,EE,2025-10-05,2025-W40,27
hospital admissions,EE,2025-09-28,2025-W39,28
hospital admissions,EE,2025-09-21,2025-W38,21
hospital admissions,EE,2025-09-14,2025-W37,31
hospital admissions,EE,2025-09-07,2025-W36,20
hospital admissions,EE,2025-08-31,2025-W35,31
hospital admissions,EE,2025-08-24,2025-W34,12
hospital admissions,EE,2025-08-17,2025-W33,9
hospital admissions,EE,2025-08-10,2025-W32,9
hospital admissions,EE,2025-08-03,2025-W31,5
hospital admissions,EE,2025-07-27,2025-W30,13
hospital admissions,EE,2025-07-20,2025-W29,4
hospital admissions,EE,2025-07-13,2025-W28,7
hospital admissions,EE,2025-07-06,2025-W27,9
hospital admissions,EE,2025-06-29,2025-W26,17
hospital admissions,EE,2025-06-22,2025-W25,17
hospital admissions,EE,2025-06-15,2025-W24,12
hospital admissions,EE,2025-06-08,2025-W23,15
hospital admissions,EE,2025-06-01,2025-W22,12
hospital admissions,EE,2025-05-25,2025-W21,14
hospital admissions,EE,2025-05-18,2025-W20,5
hospital admissions,EE,2025-05-11,2025-W19,5
hospital admissions,EE,2025-05-04,2025-W18,2
hospital admissions,EE,2025-04-27,2025-W17,5
hospital admissions,EE,2025-04-13,2025-W15,4
hospital admissions,EE,2025-04-06,2025-W14,1
hospital admissions,EE,2025-03-30,2025-W13,11
hospital admissions,EE,2025-03-23,2025-W12,7
hospital admissions,EE,2025-03-16,2025-W11,16
hospital admissions,EE,2025-03-09,2025-W10,17
hospital admissions,EE,2025-03-02,2025-W09,15
hospital admissions,EE,2025-02-23,2025-W08,24
hospital admissions,EE,2025-02-16,2025-W07,26
hospital admissions,EE,2025-02-09,2025-W06,28
hospital admissions,EE,2025-02-02,2025-W05,26
hospital admissions,EE,2025-01-26,2025-W04,28
hospital admissions,EE,2025-01-19,2025-W03,48
hospital admissions,EE,2025-01-12,2025-W02,38
hospital admissions,EE,2025-01-05,2025-W01,59
hospital admissions,EE,2024-12-29,2024-W52,59
hospital admissions,EE,2024-12-22,2024-W51,77
hospital admissions,EE,2024-12-15,2024-W50,99
hospital admissions,EE,2024-12-08,2024-W49,83
hospital admissions,EE,2024-12-01,2024-W48,87
hospital admissions,EE,2024-11-24,2024-W47,58
hospital admissions,EE,2024-11-17,2024-W46,63
hospital admissions,EE,2024-11-10,2024-W45,70
hospital admissions,EE,2024-11-03,2024-W44,57
hospital admissions,EE,2024-10-27,2024-W43,66
hospital admissions,EE,2024-10-20,2024-W42,67
hospital admissions,EE,2024-10-13,2024-W41,63
hospital admissions,EE,2024-10-06,2024-W40,61
hospital admissions,EE,2024-09-29,2024-W39,51
hospital admissions,EE,2024-09-22,2024-W38,42
hospital admissions,EE,2024-09-15,2024-W37,53
hospital admissions,EE,2024-09-08,2024-W36,50
hospital admissions,EE,2024-09-01,2024-W35,42
hospital admissions,EE,2024-08-25,2024-W34,35
hospital admissions,EE,2024-08-18,2024-W33,30
hospital admissions,EE,2024-08-11,2024-W32,31
hospital admissions,EE,2024-08-04,2024-W31,24
hospital admissions,EE,2024-07-28,2024-W30,13
hospital admissions,EE,2024-07-21,2024-W29,13
hospital admissions,EE,2024-07-14,2024-W28,6
hospital admissions,EE,2024-07-07,2024-W27,8
hospital admissions,EE,2024-06-30,2024-W26,7
hospital admissions,EE,2024-06-23,2024-W25,11
hospital admissions,EE,2024-06-16,2024-W24,7
hospital admissions,EE,2024-06-09,2024-W23,6
hospital admissions,EE,2024-06-02,2024-W22,6
hospital admissions,EE,2024-05-26,2024-W21,9
hospital admissions,EE,2024-05-19,2024-W20,10
hospital admissions,EE,2024-05-12,2024-W19,5
hospital admissions,EE,2024-05-05,2024-W18,10
hospital admissions,EE,2024-04-28,2024-W17,10
hospital admissions,EE,2024-04-21,2024-W16,5
hospital admissions,EE,2024-04-14,2024-W15,1
hospital admissions,EE,2024-04-07,2024-W14,4
hospital admissions,EE,2024-03-31,2024-W13,10
hospital admissions,EE,2024-03-24,2024-W12,6
hospital admissions,EE,2024-03-17,2024-W11,12
hospital admissions,EE,2024-03-10,2024-W10,15
hospital admissions,EE,2024-03-03,2024-W09,24
hospital admissions,EE,2024-02-25,2024-W08,29
hospital admissions,EE,2024-02-18,2024-W07,17
hospital admissions,EE,2024-02-11,2024-W06,21
hospital admissions,EE,2024-02-04,2024-W05,30
hospital admissions,EE,2024-01-28,2024-W04,46
hospital admissions,EE,2024-01-21,2024-W03,70
hospital admissions,EE,2024-01-14,2024-W02,107
hospital admissions,EE,2024-01-07,2024-W01,124
hospital admissions,EE,2023-12-31,2023-W52,147
hospital admissions,EE,2023-12-24,2023-W51,186
hospital admissions,EE,2023-12-17,2023-W50,248
hospital admissions,EE,2023-12-10,2023-W49,245
hospital admissions,EE,2023-12-03,2023-W48,254
hospital admissions,EE,2023-11-26,2023-W47,276
hospital admissions,EE,2023-11-19,2023-W46,188
hospital admissions,EE,2023-11-12,2023-W45,169
hospital admissions,EE,2023-11-05,2023-W44,189
hospital admissions,EE,2023-10-29,2023-W43,158
hospital admissions,EE,2023-10-22,2023-W42,124
hospital admissions,EE,2023-10-15,2023-W41,69
hospital admissions,EE,2023-10-08,2023-W40,57
hospital admissions,EE,2023-10-01,2023-W39,48
hospital admissions,EE,2023-09-24,2023-W38,36
hospital admissions,EE,2023-09-17,2023-W37,30
hospital admissions,EE,2023-09-10,2023-W36,23
hospital admissions,EE,2023-09-03,2023-W35,20
hospital admissions,EE,2023-08-27,2023-W34,7
hospital admissions,EE,2023-08-20,2023-W33,10
hospital admissions,EE,2023-08-13,2023-W32,7
hospital admissions,EE,2023-08-06,2023-W31,5
hospital admissions,EE,2023-07-30,2023-W30,9
hospital admissions,EE,2023-07-23,2023-W29,10
hospital admissions,EE,2023-07-16,2023-W28,18
hospital admissions,EE,2023-07-09,2023-W27,14
hospital admissions,EE,2023-07-02,2023-W26,17
hospital admissions,EE,2023-06-25,2023-W25,7
hospital admissions,EE,2023-06-18,2023-W24,17
hospital admissions,EE,2023-06-11,2023-W23,18
hospital admissions,EE,2023-06-04,2023-W22,33
hospital admissions,EE,2023-05-28,2023-W21,33
hospital admissions,EE,2023-05-21,2023-W20,53
hospital admissions,EE,2023-05-14,2023-W19,43
hospital admissions,EE,2023-05-07,2023-W18,38
hospital admissions,EE,2023-04-30,2023-W17,69
hospital admissions,EE,2023-04-23,2023-W16,109
hospital admissions,EE,2023-04-16,2023-W15,95
hospital admissions,EE,2023-04-09,2023-W14,120
hospital admissions,EE,2023-04-02,2023-W13,114
hospital admissions,EE,2023-03-26,2023-W12,112
hospital admissions,EE,2023-03-19,2023-W11,119
hospital admissions,EE,2023-03-12,2023-W10,90
hospital admissions,EE,2023-03-05,2023-W09,99
hospital admissions,EE,2023-02-26,2023-W08,81
hospital admissions,EE,2023-02-19,2023-W07,80
hospital admissions,EE,2023-02-12,2023-W06,89
hospital admissions,EE,2023-02-05,2023-W05,73
hospital admissions,EE,2023-01-29,2023-W04,97
hospital admissions,EE,2023-01-22,2023-W03,100
hospital admissions,EE,2023-01-15,2023-W02,104
hospital admissions,EE,2023-01-08,2023-W01,109
hospital admissions,EE,2023-01-01,2022-W52,124
hospital admissions,EE,2022-12-25,2022-W51,138
hospital admissions,EE,2022-12-18,2022-W50,185
hospital admissions,EE,2022-12-11,2022-W49,192
hospital admissions,EE,2022-12-04,2022-W48,156
hospital admissions,EE,2022-11-27,2022-W47,149
hospital admissions,EE,2022-11-20,2022-W46,125
hospital admissions,EE,2022-11-13,2022-W45,113
hospital admissions,EE,2022-11-06,2022-W44,136
hospital admissions,EE,2022-10-30,2022-W43,163
hospital admissions,EE,2022-10-23,2022-W42,164
hospital admissions,EE,2022-10-16,2022-W41,136
hospital admissions,EE,2022-10-09,2022-W40,137
hospital admissions,EE,2022-10-02,2022-W39,151
hospital admissions,EE,2022-09-25,2022-W38,144
hospital admissions,EE,2022-09-18,2022-W37,131
hospital admissions,EE,2022-09-11,2022-W36,97
hospital admissions,EE,2022-09-04,2022-W35,64
hospital admissions,EE,2022-08-28,2022-W34,70
hospital admissions,EE,2022-08-21,2022-W33,84
hospital admissions,EE,2022-08-14,2022-W32,80
hospital admissions,EE,2022-08-07,2022-W31,110
hospital admissions,EE,2022-07-31,2022-W30,85
hospital admissions,EE,2022-07-24,2022-W29,62
hospital admissions,EE,2022-07-17,2022-W28,67
hospital admissions,EE,2022-07-10,2022-W27,63
hospital admissions,EE,2022-07-03,2022-W26,66
hospital admissions,EE,2022-06-26,2022-W25,59
hospital admissions,FI,2023-01-01,2022-W52,1
hospital admissions,FI,2022-10-09,2022-W40,2
hospital admissions,FI,2022-09-25,2022-W38,1
hospital admissions,FI,2022-09-18,2022-W37,1
hospital admissions,FI,2022-08-21,2022-W33,5
hospital admissions,FI,2022-08-07,2022-W31,1
hospital admissions,FI,2022-07-31,2022-W30,1
hospital admissions,FI,2022-06-26,2022-W25,1
hospital admissions,FR,2026-03-22,2026-W12,1
hospital admissions,FR,2026-03-15,2026-W11,1
hospital admissions,FR,2026-03-01,2026-W09,3
hospital admissions,FR,2026-02-22,2026-W08,5
hospital admissions,FR,2026-02-15,2026-W07,5
hospital admissions,FR,2026-02-08,2026-W06,8
hospital admissions,FR,2026-02-01,2026-W05,6
hospital admissions,FR,2026-01-25,2026-W04,6
hospital admissions,FR,2026-01-18,2026-W03,2
hospital admissions,FR,2026-01-11,2026-W02,11
hospital admissions,FR,2026-01-04,2026-W01,9
hospital admissions,FR,2025-12-28,2025-W52,11
hospital admissions,FR,2025-12-21,2025-W51,12
hospital admissions,FR,2025-12-14,2025-W50,12
hospital admissions,FR,2025-12-07,2025-W49,4
hospital admissions,FR,2025-11-30,2025-W48,7
hospital admissions,FR,2025-11-23,2025-W47,11
hospital admissions,FR,2025-11-16,2025-W46,5
hospital admissions,FR,2025-11-09,2025-W45,7
hospital admissions,FR,2025-11-02,2025-W44,8
hospital admissions,FR,2025-10-26,2025-W43,11
hospital admissions,FR,2025-10-19,2025-W42,11
hospital admissions,FR,2025-10-12,2025-W41,24
hospital admissions,FR,2025-10-05,2025-W40,17
hospital admissions,FR,2025-09-28,2025-W39,1
hospital admissions,FR,2025-09-21,2025-W38,1
hospital admissions,FR,2025-09-07,2025-W36,1
hospital admissions,FR,2025-08-31,2025-W35,1
hospital admissions,FR,2025-08-24,2025-W34,2
hospital admissions,FR,2025-04-06,2025-W14,4
hospital admissions,FR,2025-03-30,2025-W13,1
hospital admissions,FR,2025-03-23,2025-W12,1
hospital admissions,FR,2025-03-16,2025-W11,4
hospital admissions,FR,2025-03-09,2025-W10,3
hospital admissions,FR,2025-03-02,2025-W09,5
hospital admissions,FR,2025-02-23,2025-W08,1
hospital admissions,FR,2025-02-16,2025-W07,4
hospital admissions,FR,2025-02-09,2025-W06,11
hospital admissions,FR,2025-02-02,2025-W05,5
hospital admissions,FR,2025-01-26,2025-W04,11
hospital admissions,FR,2025-01-19,2025-W03,8
hospital admissions,FR,2025-01-12,2025-W02,9
hospital admissions,FR,2025-01-05,2025-W01,25
hospital admissions,FR,2024-12-29,2024-W52,15
hospital admissions,FR,2024-12-22,2024-W51,17
hospital admissions,FR,2024-12-15,2024-W50,12
hospital admissions,FR,2024-12-08,2024-W49,12
hospital admissions,FR,2024-12-01,2024-W48,16
hospital admissions,FR,2024-11-24,2024-W47,18
hospital admissions,FR,2024-11-17,2024-W46,12
hospital admissions,FR,2024-11-10,2024-W45,18
hospital admissions,FR,2024-11-03,2024-W44,19
hospital admissions,FR,2024-10-27,2024-W43,28
hospital admissions,FR,2024-10-20,2024-W42,27
hospital admissions,FR,2024-10-13,2024-W41,24
hospital admissions,FR,2024-10-06,2024-W40,37
hospital admissions,FR,2024-09-29,2024-W39,6
hospital admissions,FR,2024-09-15,2024-W37,1
hospital admissions,FR,2024-03-31,2024-W13,1
hospital admissions,FR,2024-03-24,2024-W12,3
hospital admissions,FR,2024-03-17,2024-W11,4
hospital admissions,FR,2024-03-10,2024-W10,2
hospital admissions,FR,2024-03-03,2024-W09,3
hospital admissions,FR,2024-02-25,2024-W08,7
hospital admissions,FR,2024-02-18,2024-W07,8
hospital admissions,FR,2024-02-11,2024-W06,15
hospital admissions,FR,2024-02-04,2024-W05,12
hospital admissions,FR,2024-01-28,2024-W04,15
hospital admissions,FR,2024-01-21,2024-W03,22
hospital admissions,FR,2024-01-14,2024-W02,30
hospital admissions,FR,2024-01-07,2024-W01,52
hospital admissions,FR,2023-12-31,2023-W52,45
hospital admissions,FR,2023-12-24,2023-W51,48
hospital admissions,FR,2023-12-17,2023-W50,56
hospital admissions,FR,2023-12-10,2023-W49,47
hospital admissions,FR,2023-12-03,2023-W48,48
hospital admissions,FR,2023-11-26,2023-W47,49
hospital admissions,FR,2023-11-19,2023-W46,33
hospital admissions,FR,2023-11-12,2023-W45,22
hospital admissions,FR,2023-11-05,2023-W44,32
hospital admissions,FR,2023-10-29,2023-W43,29
hospital admissions,FR,2023-10-22,2023-W42,43
hospital admissions,FR,2023-10-15,2023-W41,33
hospital admissions,FR,2023-10-08,2023-W40,37
hospital admissions,FR,2023-10-01,2023-W39,18
hospital admissions,FR,2023-09-24,2023-W38,13
hospital admissions,FR,2023-09-17,2023-W37,8
hospital admissions,FR,2023-09-10,2023-W36,1
hospital admissions,FR,2023-09-03,2023-W35,3
hospital admissions,FR,2023-08-27,2023-W34,2
hospital admissions,FR,2023-07-16,2023-W28,1
hospital admissions,FR,2023-07-02,2023-W26,1
hospital admissions,FR,2023-06-25,2023-W25,475
hospital admissions,FR,2023-06-18,2023-W24,546
hospital admissions,FR,2023-06-11,2023-W23,844
hospital admissions,FR,2023-06-04,2023-W22,989
hospital admissions,FR,2023-05-28,2023-W21,1253
hospital admissions,FR,2023-05-21,2023-W20,1195
hospital admissions,FR,2023-05-14,2023-W19,1469
hospital admissions,FR,2023-05-07,2023-W18,2202
hospital admissions,FR,2023-04-30,2023-W17,2774
hospital admissions,FR,2023-04-23,2023-W16,3153
hospital admissions,FR,2023-04-16,2023-W15,2741
hospital admissions,FR,2023-04-09,2023-W14,2647
hospital admissions,FR,2023-04-02,2023-W13,2722
hospital admissions,FR,2023-03-26,2023-W12,2817
hospital admissions,FR,2023-03-19,2023-W11,2256
hospital admissions,FR,2023-03-12,2023-W10,2190
hospital admissions,FR,2023-03-05,2023-W09,1755
hospital admissions,FR,2023-02-26,2023-W08,1864
hospital admissions,FR,2023-02-19,2023-W07,1722
hospital admissions,FR,2023-02-12,2023-W06,1728
hospital admissions,FR,2023-02-05,2023-W05,1835
hospital admissions,FR,2023-01-29,2023-W04,1832
hospital admissions,FR,2023-01-22,2023-W03,2295
hospital admissions,FR,2023-01-15,2023-W02,3526
hospital admissions,FR,2023-01-08,2023-W01,5409
hospital admissions,FR,2023-01-01,2022-W52,7138
hospital admissions,FR,2022-12-25,2022-W51,9721
hospital admissions,FR,2022-12-18,2022-W50,10155
hospital admissions,FR,2022-12-11,2022-W49,9025
hospital admissions,FR,2022-12-04,2022-W48,7208
hospital admissions,FR,2022-11-27,2022-W47,5524
hospital admissions,FR,2022-11-20,2022-W46,5273
hospital admissions,FR,2022-11-13,2022-W45,3973
hospital admissions,FR,2022-11-06,2022-W44,4273
hospital admissions,FR,2022-10-30,2022-W43,6073
hospital admissions,FR,2022-10-23,2022-W42,7577
hospital admissions,FR,2022-10-16,2022-W41,7512
hospital admissions,FR,2022-10-09,2022-W40,6589
hospital admissions,FR,2022-10-02,2022-W39,4824
hospital admissions,FR,2022-09-25,2022-W38,2952
hospital admissions,FR,2022-09-18,2022-W37,2535
hospital admissions,FR,2022-09-11,2022-W36,2468
hospital admissions,FR,2022-09-04,2022-W35,2550
hospital admissions,FR,2022-08-28,2022-W34,3100
hospital admissions,FR,2022-08-21,2022-W33,3588
hospital admissions,FR,2022-08-14,2022-W32,4485
hospital admissions,FR,2022-08-07,2022-W31,5488
hospital admissions,FR,2022-07-31,2022-W30,7440
hospital admissions,FR,2022-07-24,2022-W29,9535
hospital admissions,FR,2022-07-17,2022-W28,9109
hospital admissions,FR,2022-07-10,2022-W27,8670
hospital admissions,FR,2022-07-03,2022-W26,6426
hospital admissions,FR,2022-06-26,2022-W25,4906
hospital admissions,DE,2022-10-16,2022-W41,304
hospital admissions,DE,2022-10-09,2022-W40,7004
hospital admissions,DE,2022-10-02,2022-W39,9392
hospital admissions,DE,2022-09-25,2022-W38,7229
hospital admissions,DE,2022-09-18,2022-W37,5080
hospital admissions,DE,2022-09-11,2022-W36,4484
hospital admissions,DE,2022-09-04,2022-W35,4279
hospital admissions,DE,2022-08-28,2022-W34,4914
hospital admissions,DE,2022-08-21,2022-W33,5767
hospital admissions,DE,2022-08-14,2022-W32,6313
hospital admissions,DE,2022-08-07,2022-W31,7421
hospital admissions,DE,2022-07-31,2022-W30,8274
hospital admissions,DE,2022-07-24,2022-W29,10219
hospital admissions,DE,2022-07-17,2022-W28,9754
hospital admissions,DE,2022-07-10,2022-W27,8563
hospital admissions,DE,2022-07-03,2022-W26,7497
hospital admissions,DE,2022-06-26,2022-W25,7139
hospital admissions,GR,2026-08-09,2026-W32,13
hospital admissions,GR,2026-08-02,2026-W31,11
hospital admissions,GR,2026-07-26,2026-W30,7
hospital admissions,GR,2026-07-19,2026-W29,2
hospital admissions,GR,2026-07-12,2026-W28,4
hospital admissions,GR,2026-07-05,2026-W27,2
hospital admissions,GR,2026-06-28,2026-W26,2
hospital admissions,GR,2026-06-21,2026-W25,1
hospital admissions,GR,2026-06-14,2026-W24,1
hospital admissions,GR,2026-06-07,2026-W23,0
hospital admissions,GR,2026-05-31,2026-W22,10
hospital admissions,GR,2026-05-24,2026-W21,6
hospital admissions,GR,2025-09-14,2025-W37,226
hospital admissions,GR,2025-09-07,2025-W36,235
hospital admissions,GR,2025-08-31,2025-W35,208
hospital admissions,GR,2025-08-24,2025-W34,236
hospital admissions,GR,2025-08-17,2025-W33,199
hospital admissions,GR,2025-08-10,2025-W32,233
hospital admissions,GR,2025-08-03,2025-W31,189
hospital admissions,GR,2025-07-27,2025-W30,145
hospital admissions,GR,2025-07-20,2025-W29,120
hospital admissions,GR,2025-07-13,2025-W28,85
hospital admissions,GR,2025-07-06,2025-W27,99
hospital admissions,GR,2025-06-29,2025-W26,107
hospital admissions,GR,2025-06-22,2025-W25,73
hospital admissions,GR,2025-06-15,2025-W24,63
hospital admissions,GR,2025-06-08,2025-W23,90
hospital admissions,GR,2025-06-01,2025-W22,56
hospital admissions,GR,2025-05-25,2025-W21,53
hospital admissions,GR,2025-05-18,2025-W20,50
hospital admissions,GR,2025-05-11,2025-W19,47
hospital admissions,GR,2025-05-04,2025-W18,53
hospital admissions,GR,2025-04-27,2025-W17,63
hospital admissions,GR,2025-04-20,2025-W16,42
hospital admissions,GR,2025-04-13,2025-W15,58
hospital admissions,GR,2025-04-06,2025-W14,56
hospital admissions,GR,2025-03-30,2025-W13,83
hospital admissions,GR,2025-03-23,2025-W12,90
hospital admissions,GR,2025-03-16,2025-W11,90
hospital admissions,GR,2025-03-09,2025-W10,90
hospital admissions,GR,2025-03-02,2025-W09,153
hospital admissions,GR,2025-02-23,2025-W08,126
hospital admissions,GR,2025-02-16,2025-W07,170
hospital admissions,GR,2025-02-09,2025-W06,188
hospital admissions,GR,2025-02-02,2025-W05,234
hospital admissions,GR,2025-01-26,2025-W04,382
hospital admissions,GR,2025-01-19,2025-W03,418
hospital admissions,GR,2025-01-12,2025-W02,648
hospital admissions,GR,2025-01-05,2025-W01,538
hospital admissions,GR,2024-12-29,2024-W52,515
hospital admissions,GR,2024-12-22,2024-W51,532
hospital admissions,GR,2024-12-15,2024-W50,514
hospital admissions,GR,2024-12-08,2024-W49,632
hospital admissions,GR,2024-12-01,2024-W48,577
hospital admissions,GR,2024-11-24,2024-W47,614
hospital admissions,GR,2024-11-17,2024-W46,531
hospital admissions,GR,2024-11-10,2024-W45,538
hospital admissions,GR,2024-11-03,2024-W44,547
hospital admissions,GR,2024-10-27,2024-W43,538
hospital admissions,GR,2024-10-20,2024-W42,580
hospital admissions,GR,2024-10-13,2024-W41,709
hospital admissions,GR,2024-10-06,2024-W40,613
hospital admissions,GR,2024-09-29,2024-W39,672
hospital admissions,GR,2024-09-22,2024-W38,509
hospital admissions,GR,2024-09-15,2024-W37,595
hospital admissions,GR,2024-09-08,2024-W36,594
hospital admissions,GR,2024-09-01,2024-W35,673
hospital admissions,GR,2024-08-25,2024-W34,815
hospital admissions,GR,2024-08-18,2024-W33,771
hospital admissions,GR,2024-08-11,2024-W32,817
hospital admissions,GR,2024-08-04,2024-W31,833
hospital admissions,GR,2024-07-28,2024-W30,923
hospital admissions,GR,2024-07-21,2024-W29,788
hospital admissions,GR,2024-07-14,2024-W28,669
hospital admissions,GR,2024-07-07,2024-W27,575
hospital admissions,GR,2024-06-30,2024-W26,472
hospital admissions,GR,2024-06-23,2024-W25,487
hospital admissions,GR,2024-06-16,2024-W24,324
hospital admissions,GR,2024-06-09,2024-W23,235
hospital admissions,GR,2024-06-02,2024-W22,153
hospital admissions,GR,2024-05-26,2024-W21,158
hospital admissions,GR,2024-05-19,2024-W20,117
hospital admissions,GR,2024-05-12,2024-W19,78
hospital admissions,GR,2024-05-05,2024-W18,82
hospital admissions,GR,2024-04-28,2024-W17,83
hospital admissions,GR,2024-04-21,2024-W16,81
hospital admissions,GR,2024-04-14,2024-W15,66
hospital admissions,GR,2024-04-07,2024-W14,77
hospital admissions,GR,2024-03-31,2024-W13,79
hospital admissions,GR,2024-03-24,2024-W12,104
hospital admissions,GR,2024-03-17,2024-W11,127
hospital admissions,GR,2024-03-10,2024-W10,143
hospital admissions,GR,2024-03-03,2024-W09,208
hospital admissions,GR,2024-02-25,2024-W08,298
hospital admissions,GR,2024-02-18,2024-W07,300
hospital admissions,GR,2024-02-11,2024-W06,446
hospital admissions,GR,2024-02-04,2024-W05,439
hospital admissions,GR,2024-01-28,2024-W04,546
hospital admissions,GR,2024-01-21,2024-W03,842
hospital admissions,GR,2024-01-14,2024-W02,1162
hospital admissions,GR,2024-01-07,2024-W01,1679
hospital admissions,GR,2023-12-31,2023-W52,1818
hospital admissions,GR,2023-12-24,2023-W51,1496
hospital admissions,GR,2023-12-17,2023-W50,1373
hospital admissions,GR,2023-12-10,2023-W49,1176
hospital admissions,GR,2023-12-03,2023-W48,991
hospital admissions,GR,2023-11-26,2023-W47,838
hospital admissions,GR,2023-11-19,2023-W46,787
hospital admissions,GR,2023-11-12,2023-W45,793
hospital admissions,GR,2023-11-05,2023-W44,781
hospital admissions,GR,2023-10-29,2023-W43,903
hospital admissions,GR,2023-10-22,2023-W42,1065
hospital admissions,GR,2023-10-15,2023-W41,1082
hospital admissions,GR,2023-10-08,2023-W40,974
hospital admissions,GR,2023-10-01,2023-W39,868
hospital admissions,GR,2023-09-24,2023-W38,869
hospital admissions,GR,2023-09-17,2023-W37,733
hospital admissions,GR,2023-09-10,2023-W36,688
hospital admissions,GR,2023-09-03,2023-W35,622
hospital admissions,GR,2023-08-27,2023-W34,629
hospital admissions,GR,2023-08-20,2023-W33,641
hospital admissions,GR,2023-08-13,2023-W32,563
hospital admissions,GR,2023-08-06,2023-W31,469
hospital admissions,GR,2023-07-30,2023-W30,321
hospital admissions,GR,2023-07-23,2023-W29,306
hospital admissions,GR,2023-07-16,2023-W28,226
hospital admissions,GR,2023-07-09,2023-W27,198
hospital admissions,GR,2023-07-02,2023-W26,182
hospital admissions,GR,2023-06-25,2023-W25,211
hospital admissions,GR,2023-06-18,2023-W24,225
hospital admissions,GR,2023-06-11,2023-W23,356
hospital admissions,GR,2023-06-04,2023-W22,486
hospital admissions,GR,2023-05-28,2023-W21,629
hospital admissions,GR,2023-05-21,2023-W20,636
hospital admissions,GR,2023-05-14,2023-W19,557
hospital admissions,GR,2023-05-07,2023-W18,636
hospital admissions,GR,2023-04-30,2023-W17,732
hospital admissions,GR,2023-04-23,2023-W16,813
hospital admissions,GR,2023-04-16,2023-W15,708
hospital admissions,GR,2023-04-09,2023-W14,666
hospital admissions,GR,2023-04-02,2023-W13,667
hospital admissions,GR,2023-03-26,2023-W12,691
hospital admissions,GR,2023-03-19,2023-W11,715
hospital admissions,GR,2023-03-12,2023-W10,771
hospital admissions,GR,2023-03-05,2023-W09,925
hospital admissions,GR,2023-02-26,2023-W08,1063
hospital admissions,GR,2023-02-19,2023-W07,951
hospital admissions,GR,2023-02-12,2023-W06,854
hospital admissions,GR,2023-02-05,2023-W05,964
hospital admissions,GR,2023-01-29,2023-W04,1112
hospital admissions,GR,2023-01-22,2023-W03,1535
hospital admissions,GR,2023-01-15,2023-W02,1748
hospital admissions,GR,2023-01-08,2023-W01,1632
hospital admissions,GR,2023-01-01,2022-W52,1519
hospital admissions,GR,2022-12-25,2022-W51,1250
hospital admissions,GR,2022-12-18,2022-W50,1349
hospital admissions,GR,2022-12-11,2022-W49,1434
hospital admissions,GR,2022-12-04,2022-W48,1191
hospital admissions,GR,2022-11-27,2022-W47,1287
hospital admissions,GR,2022-11-20,2022-W46,1360
hospital admissions,GR,2022-11-13,2022-W45,1292
hospital admissions,GR,2022-11-06,2022-W44,1461
hospital admissions,GR,2022-10-30,2022-W43,1325
hospital admissions,GR,2022-10-23,2022-W42,1294
hospital admissions,GR,2022-10-16,2022-W41,1355
hospital admissions,GR,2022-10-09,2022-W40,1108
hospital admissions,GR,2022-10-02,2022-W39,1074
hospital admissions,GR,2022-09-25,2022-W38,820
hospital admissions,GR,2022-09-18,2022-W37,821
hospital admissions,GR,2022-09-11,2022-W36,792
hospital admissions,GR,2022-09-04,2022-W35,983
hospital admissions,GR,2022-08-28,2022-W34,1188
hospital admissions,GR,2022-08-21,2022-W33,1531
hospital admissions,GR,2022-08-14,2022-W32,1958
hospital admissions,GR,2022-08-07,2022-W31,2353
hospital admissions,GR,2022-07-31,2022-W30,2570
hospital admissions,GR,2022-07-24,2022-W29,2805
hospital admissions,GR,2022-07-17,2022-W28,2603
hospital admissions,GR,2022-07-10,2022-W27,2293
hospital admissions,GR,2022-07-03,2022-W26,1962
hospital admissions,GR,2022-06-26,2022-W25,1362
hospital admissions,HU,2025-02-09,2025-W06,6
hospital admissions,HU,2025-02-02,2025-W05,2
hospital admissions,HU,2025-01-26,2025-W04,13
hospital admissions,HU,2025-01-19,2025-W03,18
hospital admissions,HU,2025-01-12,2025-W02,21
hospital admissions,HU,2025-01-05,2025-W01,20
hospital admissions,HU,2024-12-22,2024-W51,16
hospital admissions,HU,2024-12-15,2024-W50,21
hospital admissions,HU,2024-12-08,2024-W49,21
hospital admissions,HU,2024-12-01,2024-W48,25
hospital admissions,HU,2024-11-24,2024-W47,22
hospital admissions,HU,2024-11-17,2024-W46,24
hospital admissions,HU,2024-11-10,2024-W45,37
hospital admissions,HU,2024-11-03,2024-W44,51
hospital admissions,HU,2024-10-27,2024-W43,52
hospital admissions,HU,2024-10-20,2024-W42,92
hospital admissions,HU,2024-10-13,2024-W41,103
hospital admissions,HU,2024-10-06,2024-W40,116
hospital admissions,HU,2024-09-29,2024-W39,120
hospital admissions,HU,2024-09-22,2024-W38,72
hospital admissions,HU,2024-09-15,2024-W37,53
hospital admissions,HU,2024-09-08,2024-W36,49
hospital admissions,HU,2024-09-01,2024-W35,24
hospital admissions,HU,2024-08-25,2024-W34,17
hospital admissions,HU,2024-08-18,2024-W33,21
hospital admissions,HU,2024-08-11,2024-W32,21
hospital admissions,HU,2024-08-04,2024-W31,20
hospital admissions,HU,2024-07-28,2024-W30,10
hospital admissions,HU,2024-07-21,2024-W29,4
hospital admissions,HU,2024-07-14,2024-W28,7
hospital admissions,HU,2024-07-07,2024-W27,6
hospital admissions,HU,2024-06-30,2024-W26,0
hospital admissions,HU,2024-06-23,2024-W25,1
hospital admissions,HU,2024-06-16,2024-W24,0
hospital admissions,HU,2024-06-09,2024-W23,0
hospital admissions,HU,2024-06-02,2024-W22,0
hospital admissions,HU,2024-05-26,2024-W21,1
hospital admissions,HU,2024-05-12,2024-W19,1
hospital admissions,HU,2024-05-05,2024-W18,1
hospital admissions,HU,2024-04-28,2024-W17,2
hospital admissions,HU,2024-04-21,2024-W16,2
hospital admissions,HU,2024-04-14,2024-W15,2
hospital admissions,HU,2024-04-07,2024-W14,3
hospital admissions,HU,2024-03-31,2024-W13,9
hospital admissions,HU,2024-03-24,2024-W12,4
hospital admissions,HU,2024-03-17,2024-W11,2
hospital admissions,HU,2024-03-10,2024-W10,6
hospital admissions,HU,2024-03-03,2024-W09,10
hospital admissions,HU,2024-02-25,2024-W08,27
hospital admissions,HU,2024-02-18,2024-W07,20
hospital admissions,HU,2024-02-11,2024-W06,26
hospital admissions,HU,2024-02-04,2024-W05,59
hospital admissions,HU,2024-01-28,2024-W04,41
hospital admissions,HU,2024-01-21,2024-W03,101
hospital admissions,HU,2024-01-14,2024-W02,78
hospital admissions,HU,2024-01-07,2024-W01,98
hospital admissions,HU,2023-12-24,2023-W51,168
hospital admissions,HU,2023-12-17,2023-W50,247
hospital admissions,HU,2023-12-10,2023-W49,182
hospital admissions,HU,2023-12-03,2023-W48,191
hospital admissions,HU,2023-11-26,2023-W47,149
hospital admissions,HU,2023-11-19,2023-W46,110
hospital admissions,HU,2023-11-12,2023-W45,113
hospital admissions,HU,2023-11-05,2023-W44,102
hospital admissions,HU,2023-10-29,2023-W43,113
hospital admissions,HU,2023-10-22,2023-W42,111
hospital admissions,HU,2023-10-15,2023-W41,110
hospital admissions,HU,2023-10-08,2023-W40,103
hospital admissions,HU,2023-05-21,2023-W20,22
hospital admissions,HU,2023-05-14,2023-W19,33
hospital admissions,HU,2023-05-07,2023-W18,50
hospital admissions,HU,2023-04-30,2023-W17,59
hospital admissions,HU,2023-04-23,2023-W16,43
hospital admissions,HU,2023-04-16,2023-W15,65
hospital admissions,HU,2023-04-09,2023-W14,42
hospital admissions,HU,2023-04-02,2023-W13,65
hospital admissions,HU,2023-03-26,2023-W12,54
hospital admissions,HU,2023-03-19,2023-W11,87
hospital admissions,HU,2023-03-12,2023-W10,46
hospital admissions,HU,2023-03-05,2023-W09,55
hospital admissions,HU,2023-02-26,2023-W08,59
hospital admissions,HU,2023-02-19,2023-W07,31
hospital admissions,HU,2023-02-12,2023-W06,48
hospital admissions,HU,2023-02-05,2023-W05,31
hospital admissions,HU,2023-01-29,2023-W04,39
hospital admissions,HU,2023-01-22,2023-W03,38
hospital admissions,HU,2023-01-15,2023-W02,52
hospital admissions,HU,2023-01-08,2023-W01,100
hospital admissions,IS,2023-04-23,2023-W16,3
hospital admissions,IS,2023-04-02,2023-W13,8
hospital admissions,IS,2023-03-26,2023-W12,8
hospital admissions,IS,2023-03-19,2023-W11,9
hospital admissions,IS,2023-03-12,2023-W10,11
hospital admissions,IS,2023-03-05,2023-W09,4
hospital admissions,IS,2023-02-26,2023-W08,5
hospital admissions,IS,2023-02-19,2023-W07,7
hospital admissions,IS,2023-02-12,2023-W06,8
hospital admissions,IS,2023-02-05,2023-W05,20
hospital admissions,IS,2023-01-29,2023-W04,14
hospital admissions,IS,2023-01-08,2023-W01,27
hospital admissions,IS,2023-01-01,2022-W52,21
hospital admissions,IS,2022-12-25,2022-W51,21
hospital admissions,IS,2022-12-18,2022-W50,14
hospital admissions,IS,2022-12-11,2022-W49,27
hospital admissions,IE,2026-08-09,2026-W32,28
hospital admissions,IE,2026-08-02,2026-W31,10
hospital admissions,IE,2026-07-26,2026-W30,11
hospital admissions,IE,2026-07-19,2026-W29,10
hospital admissions,IE,2026-07-12,2026-W28,6
hospital admissions,IE,2026-07-05,2026-W27,2
hospital admissions,IE,2026-06-28,2026-W26,9
hospital admissions,IE,2026-06-21,2026-W25,9
hospital admissions,IE,2026-06-14,2026-W24,2
hospital admissions,IE,2026-06-07,2026-W23,3
hospital admissions,IE,2026-05-31,2026-W22,1
hospital admissions,IE,2026-05-24,2026-W21,3
hospital admissions,IE,2026-05-17,2026-W20,1
hospital admissions,IE,2026-05-10,2026-W19,7
hospital admissions,IE,2026-05-03,2026-W18,8
hospital admissions,IE,2026-04-26,2026-W17,5
hospital admissions,IE,2026-04-19,2026-W16,9
hospital admissions,IE,2026-04-12,2026-W15,7
hospital admissions,IE,2026-04-05,2026-W14,11
hospital admissions,IE,2026-03-29,2026-W13,8
hospital admissions,IE,2026-03-22,2026-W12,18
hospital admissions,IE,2026-03-15,2026-W11,13
hospital admissions,IE,2026-03-08,2026-W10,17
hospital admissions,IE,2026-03-01,2026-W09,24
hospital admissions,IE,2026-02-22,2026-W08,23
hospital admissions,IE,2026-02-15,2026-W07,55
hospital admissions,IE,2026-02-08,2026-W06,49
hospital admissions,IE,2026-02-01,2026-W05,43
hospital admissions,IE,2026-01-25,2026-W04,44
hospital admissions,IE,2026-01-18,2026-W03,71
hospital admissions,IE,2026-01-11,2026-W02,59
hospital admissions,IE,2026-01-04,2026-W01,61
hospital admissions,IE,2025-12-28,2025-W52,59
hospital admissions,IE,2025-12-21,2025-W51,56
hospital admissions,IE,2025-12-14,2025-W50,67
hospital admissions,IE,2025-12-07,2025-W49,59
hospital admissions,IE,2025-11-30,2025-W48,50
hospital admissions,IE,2025-11-23,2025-W47,39
hospital admissions,IE,2025-11-16,2025-W46,29
hospital admissions,IE,2025-11-09,2025-W45,56
hospital admissions,IE,2025-11-02,2025-W44,56
hospital admissions,IE,2025-10-26,2025-W43,92
hospital admissions,IE,2025-10-19,2025-W42,98
hospital admissions,IE,2025-10-12,2025-W41,144
hospital admissions,IE,2025-10-05,2025-W40,172
hospital admissions,IE,2025-09-28,2025-W39,30
hospital admissions,IE,2025-09-21,2025-W38,11
hospital admissions,IE,2025-09-14,2025-W37,3
hospital admissions,IE,2025-08-31,2025-W35,5
hospital admissions,IE,2025-08-24,2025-W34,3
hospital admissions,IE,2025-08-17,2025-W33,1
hospital admissions,IE,2025-08-03,2025-W31,1
hospital admissions,IE,2025-06-15,2025-W24,1
hospital admissions,IE,2025-01-19,2025-W03,1
hospital admissions,IE,2024-10-06,2024-W40,1
hospital admissions,IE,2024-09-29,2024-W39,165
hospital admissions,IE,2024-09-22,2024-W38,232
hospital admissions,IE,2024-09-15,2024-W37,173
hospital admissions,IE,2024-09-08,2024-W36,180
hospital admissions,IE,2024-09-01,2024-W35,217
hospital admissions,IE,2024-08-25,2024-W34,207
hospital admissions,IE,2024-08-18,2024-W33,214
hospital admissions,IE,2024-08-11,2024-W32,239
hospital admissions,IE,2024-08-04,2024-W31,320
hospital admissions,IE,2024-07-28,2024-W30,352
hospital admissions,IE,2024-07-21,2024-W29,405
hospital admissions,IE,2024-07-14,2024-W28,329
hospital admissions,IE,2024-07-07,2024-W27,424
hospital admissions,IE,2024-06-30,2024-W26,395
hospital admissions,IE,2024-06-23,2024-W25,462
hospital admissions,IE,2024-06-16,2024-W24,347
hospital admissions,IE,2024-06-09,2024-W23,198
hospital admissions,IE,2024-06-02,2024-W22,191
hospital admissions,IE,2024-05-26,2024-W21,179
hospital admissions,IE,2024-05-19,2024-W20,109
hospital admissions,IE,2024-05-12,2024-W19,86
hospital admissions,IE,2024-05-05,2024-W18,82
hospital admissions,IE,2024-04-28,2024-W17,73
hospital admissions,IE,2024-04-21,2024-W16,101
hospital admissions,IE,2024-04-14,2024-W15,97
hospital admissions,IE,2024-04-07,2024-W14,75
hospital admissions,IE,2024-03-31,2024-W13,70
hospital admissions,IE,2024-03-24,2024-W12,80
hospital admissions,IE,2024-03-17,2024-W11,97
hospital admissions,IE,2024-03-10,2024-W10,76
hospital admissions,IE,2024-03-03,2024-W09,93
hospital admissions,IE,2024-02-25,2024-W08,93
hospital admissions,IE,2024-02-18,2024-W07,147
hospital admissions,IE,2024-02-11,2024-W06,173
hospital admissions,IE,2024-02-04,2024-W05,231
hospital admissions,IE,2024-01-28,2024-W04,340
hospital admissions,IE,2024-01-21,2024-W03,318
hospital admissions,IE,2024-01-14,2024-W02,371
hospital admissions,IE,2024-01-07,2024-W01,460
hospital admissions,IE,2023-12-31,2023-W52,251
hospital admissions,IE,2023-12-24,2023-W51,421
hospital admissions,IE,2023-12-17,2023-W50,336
hospital admissions,IE,2023-12-10,2023-W49,305
hospital admissions,IE,2023-12-03,2023-W48,219
hospital admissions,IE,2023-11-26,2023-W47,190
hospital admissions,IE,2023-11-19,2023-W46,261
hospital admissions,IE,2023-11-12,2023-W45,274
hospital admissions,IE,2023-11-05,2023-W44,224
hospital admissions,IE,2023-10-29,2023-W43,274
hospital admissions,IE,2023-10-22,2023-W42,219
hospital admissions,IE,2023-10-15,2023-W41,250
hospital admissions,IE,2023-10-08,2023-W40,375
hospital admissions,IE,2023-10-01,2023-W39,368
hospital admissions,IE,2023-09-24,2023-W38,338
hospital admissions,IE,2023-09-17,2023-W37,322
hospital admissions,IE,2023-09-10,2023-W36,404
hospital admissions,IE,2023-09-03,2023-W35,394
hospital admissions,IE,2023-08-27,2023-W34,399
hospital admissions,IE,2023-08-20,2023-W33,421
hospital admissions,IE,2023-08-13,2023-W32,441
hospital admissions,IE,2023-08-06,2023-W31,369
hospital admissions,IE,2023-07-30,2023-W30,283
hospital admissions,IE,2023-07-23,2023-W29,172
hospital admissions,IE,2023-07-16,2023-W28,163
hospital admissions,IE,2023-07-09,2023-W27,110
hospital admissions,IE,2023-07-02,2023-W26,81
hospital admissions,IE,2023-06-25,2023-W25,138
hospital admissions,IE,2023-06-18,2023-W24,125
hospital admissions,IE,2023-06-11,2023-W23,154
hospital admissions,IE,2023-06-04,2023-W22,177
hospital admissions,IE,2023-05-28,2023-W21,233
hospital admissions,IE,2023-05-21,2023-W20,254
hospital admissions,IE,2023-05-14,2023-W19,252
hospital admissions,IE,2023-05-07,2023-W18,289
hospital admissions,IE,2023-04-30,2023-W17,284
hospital admissions,IE,2023-04-23,2023-W16,299
hospital admissions,IE,2023-04-16,2023-W15,274
hospital admissions,IE,2023-04-09,2023-W14,367
hospital admissions,IE,2023-04-02,2023-W13,374
hospital admissions,IE,2023-03-26,2023-W12,344
hospital admissions,IE,2023-03-19,2023-W11,333
hospital admissions,IE,2023-03-12,2023-W10,321
hospital admissions,IE,2023-03-05,2023-W09,261
hospital admissions,IE,2023-02-26,2023-W08,253
hospital admissions,IE,2023-02-19,2023-W07,232
hospital admissions,IE,2023-02-12,2023-W06,261
hospital admissions,IE,2023-02-05,2023-W05,261
hospital admissions,IE,2023-01-29,2023-W04,294
hospital admissions,IE,2023-01-22,2023-W03,366
hospital admissions,IE,2023-01-15,2023-W02,570
hospital admissions,IE,2023-01-08,2023-W01,571
hospital admissions,IE,2023-01-01,2022-W52,628
hospital admissions,IE,2022-12-25,2022-W51,732
hospital admissions,IE,2022-12-18,2022-W50,626
hospital admissions,IE,2022-12-11,2022-W49,540
hospital admissions,IE,2022-12-04,2022-W48,479
hospital admissions,IE,2022-11-27,2022-W47,426
hospital admissions,IE,2022-11-20,2022-W46,400
hospital admissions,IE,2022-11-13,2022-W45,462
hospital admissions,IE,2022-11-06,2022-W44,372
hospital admissions,IE,2022-10-30,2022-W43,476
hospital admissions,IE,2022-10-23,2022-W42,305
hospital admissions,IE,2022-10-16,2022-W41,302
hospital admissions,IE,2022-10-09,2022-W40,410
hospital admissions,IE,2022-10-02,2022-W39,387
hospital admissions,IE,2022-09-25,2022-W38,346
hospital admissions,IE,2022-09-18,2022-W37,289
hospital admissions,IE,2022-09-11,2022-W36,291
hospital admissions,IE,2022-09-04,2022-W35,315
hospital admissions,IE,2022-08-28,2022-W34,354
hospital admissions,IE,2022-08-21,2022-W33,389
hospital admissions,IE,2022-08-14,2022-W32,470
hospital admissions,IE,2022-08-07,2022-W31,377
hospital admissions,IE,2022-07-31,2022-W30,548
hospital admissions,IE,2022-07-24,2022-W29,585
hospital admissions,IE,2022-07-17,2022-W28,938
hospital admissions,IE,2022-07-10,2022-W27,1031
hospital admissions,IE,2022-07-03,2022-W26,807
hospital admissions,IE,2022-06-26,2022-W25,861
hospital admissions,IT,2025-04-27,2025-W17,3
hospital admissions,IT,2025-04-20,2025-W16,36
hospital admissions,IT,2025-04-13,2025-W15,55
hospital admissions,IT,2025-04-06,2025-W14,65
hospital admissions,IT,2025-03-30,2025-W13,66
hospital admissions,IT,2025-03-23,2025-W12,60
hospital admissions,IT,2025-03-16,2025-W11,92
hospital admissions,IT,2025-03-09,2025-W10,90
hospital admissions,IT,2025-03-02,2025-W09,115
hospital admissions,IT,2025-02-23,2025-W08,110
hospital admissions,IT,2025-02-16,2025-W07,132
hospital admissions,IT,2025-02-09,2025-W06,158
hospital admissions,IT,2025-02-02,2025-W05,191
hospital admissions,IT,2025-01-26,2025-W04,208
hospital admissions,IT,2025-01-19,2025-W03,256
hospital admissions,IT,2025-01-12,2025-W02,331
hospital admissions,IT,2025-01-05,2025-W01,419
hospital admissions,IT,2024-12-29,2024-W52,367
hospital admissions,IT,2024-12-22,2024-W51,386
hospital admissions,IT,2024-12-15,2024-W50,405
hospital admissions,IT,2024-12-08,2024-W49,427
hospital admissions,IT,2024-12-01,2024-W48,413
hospital admissions,IT,2024-11-24,2024-W47,431
hospital admissions,IT,2024-11-17,2024-W46,450
hospital admissions,IT,2024-11-10,2024-W45,457
hospital admissions,IT,2024-11-03,2024-W44,512
hospital admissions,IT,2024-10-27,2024-W43,756
hospital admissions,IT,2024-10-20,2024-W42,1062
hospital admissions,IT,2024-10-13,2024-W41,1250
hospital admissions,IT,2024-10-06,2024-W40,1117
hospital admissions,IT,2024-09-29,2024-W39,1142
hospital admissions,IT,2024-09-22,2024-W38,824
hospital admissions,IT,2024-09-15,2024-W37,739
hospital admissions,IT,2024-09-08,2024-W36,760
hospital admissions,IT,2024-09-01,2024-W35,942
hospital admissions,IT,2024-08-25,2024-W34,965
hospital admissions,IT,2024-08-18,2024-W33,1051
hospital admissions,IT,2024-08-11,2024-W32,1051
hospital admissions,IT,2024-08-04,2024-W31,1076
hospital admissions,IT,2024-07-28,2024-W30,961
hospital admissions,IT,2024-07-21,2024-W29,775
hospital admissions,IT,2024-07-14,2024-W28,617
hospital admissions,IT,2024-07-07,2024-W27,408
hospital admissions,IT,2024-06-30,2024-W26,312
hospital admissions,IT,2024-06-23,2024-W25,271
hospital admissions,IT,2024-06-16,2024-W24,234
hospital admissions,IT,2024-06-09,2024-W23,200
hospital admissions,IT,2024-06-02,2024-W22,133
hospital admissions,IT,2024-05-26,2024-W21,119
hospital admissions,IT,2024-05-19,2024-W20,121
hospital admissions,IT,2024-05-12,2024-W19,128
hospital admissions,IT,2024-05-05,2024-W18,128
hospital admissions,IT,2024-04-28,2024-W17,114
hospital admissions,IT,2024-04-21,2024-W16,120
hospital admissions,IT,2024-04-14,2024-W15,127
hospital admissions,IT,2024-04-07,2024-W14,122
hospital admissions,IT,2024-03-31,2024-W13,106
hospital admissions,IT,2024-03-24,2024-W12,138
hospital admissions,IT,2024-03-17,2024-W11,150
hospital admissions,IT,2024-03-10,2024-W10,192
hospital admissions,IT,2024-03-03,2024-W09,182
hospital admissions,IT,2024-02-25,2024-W08,244
hospital admissions,IT,2024-02-18,2024-W07,274
hospital admissions,IT,2024-02-11,2024-W06,395
hospital admissions,IT,2024-02-04,2024-W05,513
hospital admissions,IT,2024-01-28,2024-W04,643
hospital admissions,IT,2024-01-21,2024-W03,993
hospital admissions,IT,2024-01-14,2024-W02,1460
hospital admissions,IT,2024-01-07,2024-W01,2170
hospital admissions,IT,2023-12-31,2023-W52,2784
hospital admissions,IT,2023-12-24,2023-W51,3416
hospital admissions,IT,2023-12-17,2023-W50,3863
hospital admissions,IT,2023-12-10,2023-W49,3862
hospital admissions,IT,2023-12-03,2023-W48,3857
hospital admissions,IT,2023-11-26,2023-W47,3537
hospital admissions,IT,2023-11-19,2023-W46,3003
hospital admissions,IT,2023-11-12,2023-W45,2409
hospital admissions,IT,2023-11-05,2023-W44,2016
hospital admissions,IT,2023-10-29,2023-W43,2011
hospital admissions,IT,2023-10-22,2023-W42,1921
hospital admissions,IT,2023-10-15,2023-W41,1997
hospital admissions,IT,2023-10-08,2023-W40,2101
hospital admissions,IT,2023-10-01,2023-W39,1870
hospital admissions,IT,2023-09-24,2023-W38,1607
hospital admissions,IT,2023-09-17,2023-W37,1628
hospital admissions,IT,2023-09-10,2023-W36,1471
hospital admissions,IT,2023-09-03,2023-W35,1142
hospital admissions,IT,2023-08-27,2023-W34,913
hospital admissions,IT,2023-08-20,2023-W33,718
hospital admissions,IT,2023-08-13,2023-W32,499
hospital admissions,IT,2023-08-06,2023-W31,405
hospital admissions,IT,2023-07-30,2023-W30,351
hospital admissions,IT,2023-07-23,2023-W29,263
hospital admissions,IT,2023-07-16,2023-W28,231
hospital admissions,IT,2023-07-09,2023-W27,248
hospital admissions,IT,2023-07-02,2023-W26,283
hospital admissions,IT,2023-06-25,2023-W25,355
hospital admissions,IT,2023-06-18,2023-W24,429
hospital admissions,IT,2023-06-11,2023-W23,513
hospital admissions,IT,2023-06-04,2023-W22,661
hospital admissions,IT,2023-05-28,2023-W21,860
hospital admissions,IT,2023-05-21,2023-W20,876
hospital admissions,IT,2023-05-14,2023-W19,986
hospital admissions,IT,2023-05-07,2023-W18,1260
hospital admissions,IT,2023-04-30,2023-W17,1636
hospital admissions,IT,2023-04-23,2023-W16,1729
hospital admissions,IT,2023-04-16,2023-W15,1714
hospital admissions,IT,2023-04-09,2023-W14,1451
hospital admissions,IT,2023-04-02,2023-W13,1349
hospital admissions,IT,2023-03-26,2023-W12,1429
hospital admissions,IT,2023-03-19,2023-W11,1316
hospital admissions,IT,2023-03-12,2023-W10,1380
hospital admissions,IT,2023-03-05,2023-W09,1454
hospital admissions,IT,2023-02-26,2023-W08,1643
hospital admissions,IT,2023-02-19,2023-W07,1591
hospital admissions,IT,2023-02-12,2023-W06,1543
hospital admissions,IT,2023-02-05,2023-W05,1724
hospital admissions,IT,2023-01-29,2023-W04,1740
hospital admissions,IT,2023-01-22,2023-W03,1990
hospital admissions,IT,2023-01-15,2023-W02,2738
hospital admissions,IT,2023-01-08,2023-W01,3313
hospital admissions,IT,2023-01-01,2022-W52,3931
hospital admissions,IT,2022-12-25,2022-W51,4211
hospital admissions,IT,2022-12-18,2022-W50,4639
hospital admissions,IT,2022-12-11,2022-W49,5167
hospital admissions,IT,2022-12-04,2022-W48,5042
hospital admissions,IT,2022-11-27,2022-W47,4719
hospital admissions,IT,2022-11-20,2022-W46,4475
hospital admissions,IT,2022-11-13,2022-W45,3758
hospital admissions,IT,2022-11-06,2022-W44,3529
hospital admissions,IT,2022-10-30,2022-W43,3629
hospital admissions,IT,2022-10-23,2022-W42,4058
hospital admissions,IT,2022-10-16,2022-W41,4265
hospital admissions,IT,2022-10-09,2022-W40,3975
hospital admissions,IT,2022-10-02,2022-W39,3266
hospital admissions,IT,2022-09-25,2022-W38,2124
hospital admissions,IT,2022-09-18,2022-W37,1934
hospital admissions,IT,2022-09-11,2022-W36,1966
hospital admissions,IT,2022-09-04,2022-W35,2209
hospital admissions,IT,2022-08-28,2022-W34,2471
hospital admissions,IT,2022-08-21,2022-W33,2778
hospital admissions,IT,2022-08-14,2022-W32,3288
hospital admissions,IT,2022-08-07,2022-W31,4119
hospital admissions,IT,2022-07-31,2022-W30,5073
hospital admissions,IT,2022-07-24,2022-W29,6205
hospital admissions,IT,2022-07-17,2022-W28,6475
hospital admissions,IT,2022-07-10,2022-W27,6462
hospital admissions,IT,2022-07-03,2022-W26,5586
hospital admissions,IT,2022-06-26,2022-W25,4157
hospital admissions,LV,2026-08-09,2026-W32,0
hospital admissions,LV,2026-08-02,2026-W31,1
hospital admissions,LV,2026-07-26,2026-W30,1
hospital admissions,LV,2026-07-19,2026-W29,0
hospital admissions,LV,2026-07-12,2026-W28,1
hospital admissions,LV,2026-07-05,2026-W27,0
hospital admissions,LV,2026-06-28,2026-W26,0
hospital admissions,LV,2026-06-21,2026-W25,2
hospital admissions,LV,2026-06-14,2026-W24,0
hospital admissions,LV,2026-06-07,2026-W23,2
hospital admissions,LV,2026-05-31,2026-W22,1
hospital admissions,LV,2026-05-24,2026-W21,5
hospital admissions,LV,2026-05-17,2026-W20,7
hospital admissions,LV,2026-05-10,2026-W19,12
hospital admissions,LV,2026-05-03,2026-W18,5
hospital admissions,LV,2026-04-26,2026-W17,3
hospital admissions,LV,2026-04-19,2026-W16,4
hospital admissions,LV,2026-04-12,2026-W15,3
hospital admissions,LV,2026-04-05,2026-W14,6
hospital admissions,LV,2026-03-29,2026-W13,15
hospital admissions,LV,2026-03-22,2026-W12,16
hospital admissions,LV,2026-03-15,2026-W11,16
hospital admissions,LV,2026-03-08,2026-W10,31
hospital admissions,LV,2026-03-01,2026-W09,55
hospital admissions,LV,2026-02-22,2026-W08,47
hospital admissions,LV,2026-02-15,2026-W07,35
hospital admissions,LV,2026-02-08,2026-W06,64
hospital admissions,LV,2026-02-01,2026-W05,64
hospital admissions,LV,2026-01-25,2026-W04,57
hospital admissions,LV,2026-01-18,2026-W03,39
hospital admissions,LV,2026-01-11,2026-W02,47
hospital admissions,LV,2026-01-04,2026-W01,41
hospital admissions,LV,2025-12-28,2025-W52,46
hospital admissions,LV,2025-12-21,2025-W51,42
hospital admissions,LV,2025-12-14,2025-W50,42
hospital admissions,LV,2025-12-07,2025-W49,33
hospital admissions,LV,2025-11-30,2025-W48,31
hospital admissions,LV,2025-11-23,2025-W47,30
hospital admissions,LV,2025-11-16,2025-W46,16
hospital admissions,LV,2025-11-09,2025-W45,26
hospital admissions,LV,2025-11-02,2025-W44,38
hospital admissions,LV,2025-10-26,2025-W43,36
hospital admissions,LV,2025-10-19,2025-W42,34
hospital admissions,LV,2025-10-12,2025-W41,36
hospital admissions,LV,2025-10-05,2025-W40,36
hospital admissions,LV,2025-09-28,2025-W39,42
hospital admissions,LV,2025-09-21,2025-W38,44
hospital admissions,LV,2025-09-14,2025-W37,58
hospital admissions,LV,2025-09-07,2025-W36,58
hospital admissions,LV,2025-08-31,2025-W35,48
hospital admissions,LV,2025-08-24,2025-W34,31
hospital admissions,LV,2025-08-17,2025-W33,22
hospital admissions,LV,2025-08-10,2025-W32,8
hospital admissions,LV,2025-08-03,2025-W31,14
hospital admissions,LV,2025-07-27,2025-W30,8
hospital admissions,LV,2025-07-20,2025-W29,9
hospital admissions,LV,2025-07-13,2025-W28,14
hospital admissions,LV,2025-07-06,2025-W27,4
hospital admissions,LV,2025-06-29,2025-W26,10
hospital admissions,LV,2025-06-22,2025-W25,23
hospital admissions,LV,2025-06-15,2025-W24,4
hospital admissions,LV,2025-06-08,2025-W23,9
hospital admissions,LV,2025-06-01,2025-W22,14
hospital admissions,LV,2025-05-25,2025-W21,13
hospital admissions,LV,2025-05-18,2025-W20,12
hospital admissions,LV,2025-05-11,2025-W19,9
hospital admissions,LV,2025-05-04,2025-W18,13
hospital admissions,LV,2025-04-27,2025-W17,22
hospital admissions,LV,2025-04-20,2025-W16,17
hospital admissions,LV,2025-04-13,2025-W15,22
hospital admissions,LV,2025-04-06,2025-W14,35
hospital admissions,LV,2025-03-30,2025-W13,31
hospital admissions,LV,2025-03-23,2025-W12,29
hospital admissions,LV,2025-03-16,2025-W11,27
hospital admissions,LV,2025-03-09,2025-W10,45
hospital admissions,LV,2025-03-02,2025-W09,20
hospital admissions,LV,2025-02-23,2025-W08,27
hospital admissions,LV,2025-02-16,2025-W07,27
hospital admissions,LV,2025-02-09,2025-W06,26
hospital admissions,LV,2025-02-02,2025-W05,38
hospital admissions,LV,2025-01-26,2025-W04,39
hospital admissions,LV,2025-01-19,2025-W03,26
hospital admissions,LV,2025-01-12,2025-W02,42
hospital admissions,LV,2025-01-05,2025-W01,34
hospital admissions,LV,2024-12-29,2024-W52,53
hospital admissions,LV,2024-12-22,2024-W51,56
hospital admissions,LV,2024-12-15,2024-W50,40
hospital admissions,LV,2024-12-08,2024-W49,40
hospital admissions,LV,2024-12-01,2024-W48,37
hospital admissions,LV,2024-11-24,2024-W47,34
hospital admissions,LV,2024-11-17,2024-W46,54
hospital admissions,LV,2024-11-10,2024-W45,45
hospital admissions,LV,2024-11-03,2024-W44,63
hospital admissions,LV,2024-10-27,2024-W43,84
hospital admissions,LV,2024-10-20,2024-W42,77
hospital admissions,LV,2024-10-13,2024-W41,64
hospital admissions,LV,2024-10-06,2024-W40,81
hospital admissions,LV,2024-04-14,2024-W15,9
hospital admissions,LV,2024-04-07,2024-W14,18
hospital admissions,LV,2024-03-31,2024-W13,20
hospital admissions,LV,2024-03-24,2024-W12,17
hospital admissions,LV,2023-11-26,2023-W47,272
hospital admissions,LV,2023-11-19,2023-W46,226
hospital admissions,LV,2023-11-12,2023-W45,217
hospital admissions,LV,2023-11-05,2023-W44,213
hospital admissions,LV,2023-10-29,2023-W43,154
hospital admissions,LV,2023-10-22,2023-W42,87
hospital admissions,LV,2023-10-15,2023-W41,42
hospital admissions,LV,2023-10-08,2023-W40,34
hospital admissions,LV,2023-10-01,2023-W39,53
hospital admissions,LV,2023-09-24,2023-W38,57
hospital admissions,LV,2023-09-17,2023-W37,51
hospital admissions,LV,2023-09-10,2023-W36,41
hospital admissions,LV,2023-09-03,2023-W35,37
hospital admissions,LV,2023-08-27,2023-W34,22
hospital admissions,LV,2023-08-20,2023-W33,17
hospital admissions,LV,2023-08-13,2023-W32,14
hospital admissions,LV,2023-08-06,2023-W31,9
hospital admissions,LV,2023-07-30,2023-W30,24
hospital admissions,LV,2023-07-23,2023-W29,21
hospital admissions,LV,2023-07-16,2023-W28,14
hospital admissions,LV,2023-07-09,2023-W27,14
hospital admissions,LV,2023-07-02,2023-W26,16
hospital admissions,LV,2023-06-25,2023-W25,28
hospital admissions,LV,2023-06-18,2023-W24,32
hospital admissions,LV,2023-06-11,2023-W23,76
hospital admissions,LV,2023-06-04,2023-W22,77
hospital admissions,LV,2023-05-28,2023-W21,81
hospital admissions,LV,2023-05-21,2023-W20,64
hospital admissions,LV,2023-05-14,2023-W19,83
hospital admissions,LV,2023-05-07,2023-W18,110
hospital admissions,LV,2023-04-30,2023-W17,94
hospital admissions,LV,2023-04-23,2023-W16,132
hospital admissions,LV,2023-04-16,2023-W15,231
hospital admissions,LV,2023-04-09,2023-W14,155
hospital admissions,LV,2023-04-02,2023-W13,225
hospital admissions,LV,2023-03-26,2023-W12,144
hospital admissions,LV,2023-03-19,2023-W11,189
hospital admissions,LV,2023-03-12,2023-W10,149
hospital admissions,LV,2023-03-05,2023-W09,134
hospital admissions,LV,2023-02-26,2023-W08,115
hospital admissions,LV,2023-02-19,2023-W07,134
hospital admissions,LV,2023-02-12,2023-W06,128
hospital admissions,LV,2023-02-05,2023-W05,120
hospital admissions,LV,2023-01-29,2023-W04,145
hospital admissions,LV,2023-01-22,2023-W03,125
hospital admissions,LV,2023-01-15,2023-W02,165
hospital admissions,LV,2023-01-08,2023-W01,213
hospital admissions,LV,2023-01-01,2022-W52,319
hospital admissions,LV,2022-12-25,2022-W51,347
hospital admissions,LV,2022-12-18,2022-W50,383
hospital admissions,LV,2022-12-11,2022-W49,390
hospital admissions,LV,2022-12-04,2022-W48,273
hospital admissions,LV,2022-11-27,2022-W47,196
hospital admissions,LV,2022-11-20,2022-W46,144
hospital admissions,LV,2022-11-13,2022-W45,156
hospital admissions,LV,2022-11-06,2022-W44,158
hospital admissions,LV,2022-10-30,2022-W43,232
hospital admissions,LV,2022-10-23,2022-W42,200
hospital admissions,LV,2022-10-16,2022-W41,308
hospital admissions,LV,2022-10-09,2022-W40,388
hospital admissions,LV,2022-10-02,2022-W39,372
hospital admissions,LV,2022-09-25,2022-W38,407
hospital admissions,LV,2022-09-18,2022-W37,306
hospital admissions,LV,2022-09-11,2022-W36,238
hospital admissions,LV,2022-09-04,2022-W35,186
hospital admissions,LV,2022-08-28,2022-W34,203
hospital admissions,LV,2022-08-21,2022-W33,230
hospital admissions,LV,2022-08-14,2022-W32,299
hospital admissions,LV,2022-08-07,2022-W31,203
hospital admissions,LV,2022-07-31,2022-W30,174
hospital admissions,LV,2022-07-24,2022-W29,209
hospital admissions,LV,2022-07-17,2022-W28,151
hospital admissions,LV,2022-07-10,2022-W27,138
hospital admissions,LV,2022-07-03,2022-W26,145
hospital admissions,LV,2022-06-26,2022-W25,91
hospital admissions,LI,2023-02-12,2023-W06,0
hospital admissions,LI,2023-02-05,2023-W05,0
hospital admissions,LI,2023-01-29,2023-W04,0
hospital admissions,LI,2023-01-22,2023-W03,0
hospital admissions,LI,2023-01-15,2023-W02,0
hospital admissions,LI,2023-01-08,2023-W01,0
hospital admissions,LI,2023-01-01,2022-W52,1
hospital admissions,LI,2022-12-25,2022-W51,4
hospital admissions,LI,2022-12-18,2022-W50,2
hospital admissions,LI,2022-12-11,2022-W49,0
hospital admissions,LI,2022-12-04,2022-W48,0
hospital admissions,LI,2022-11-27,2022-W47,1
hospital admissions,LI,2022-11-20,2022-W46,1
hospital admissions,LI,2022-11-13,2022-W45,0
hospital admissions,LI,2022-11-06,2022-W44,1
hospital admissions,LI,2022-10-30,2022-W43,1
hospital admissions,LI,2022-10-23,2022-W42,2
hospital admissions,LI,2022-10-16,2022-W41,2
hospital admissions,LI,2022-10-09,2022-W40,0
hospital admissions,LI,2022-10-02,2022-W39,4
hospital admissions,LI,2022-09-25,2022-W38,0
hospital admissions,LI,2022-09-18,2022-W37,0
hospital admissions,LI,2022-09-11,2022-W36,2
hospital admissions,LI,2022-09-04,2022-W35,2
hospital admissions,LI,2022-08-28,2022-W34,1
hospital admissions,LI,2022-08-21,2022-W33,1
hospital admissions,LI,2022-08-14,2022-W32,0
hospital admissions,LI,2022-08-07,2022-W31,0
hospital admissions,LI,2022-07-31,2022-W30,2
hospital admissions,LI,2022-07-24,2022-W29,1
hospital admissions,LI,2022-07-17,2022-W28,0
hospital admissions,LI,2022-07-10,2022-W27,2
hospital admissions,LI,2022-07-03,2022-W26,2
hospital admissions,LI,2022-06-26,2022-W25,1
hospital admissions,LT,2026-05-17,2026-W20,2
hospital admissions,LT,2026-05-10,2026-W19,3
hospital admissions,LT,2026-05-03,2026-W18,3
hospital admissions,LT,2026-04-26,2026-W17,10
hospital admissions,LT,2026-04-19,2026-W16,9
hospital admissions,LT,2026-04-12,2026-W15,10
hospital admissions,LT,2026-04-05,2026-W14,16
hospital admissions,LT,2026-03-29,2026-W13,14
hospital admissions,LT,2026-03-22,2026-W12,22
hospital admissions,LT,2026-03-15,2026-W11,21
hospital admissions,LT,2026-03-08,2026-W10,34
hospital admissions,LT,2026-03-01,2026-W09,28
hospital admissions,LT,2026-02-22,2026-W08,27
hospital admissions,LT,2026-02-15,2026-W07,37
hospital admissions,LT,2026-02-08,2026-W06,37
hospital admissions,LT,2026-02-01,2026-W05,29
hospital admissions,LT,2026-01-25,2026-W04,30
hospital admissions,LT,2026-01-18,2026-W03,22
hospital admissions,LT,2026-01-11,2026-W02,19
hospital admissions,LT,2026-01-04,2026-W01,40
hospital admissions,LT,2025-12-28,2025-W52,33
hospital admissions,LT,2025-12-21,2025-W51,42
hospital admissions,LT,2025-12-14,2025-W50,48
hospital admissions,LT,2025-12-07,2025-W49,38
hospital admissions,LT,2025-11-30,2025-W48,27
hospital admissions,LT,2025-11-23,2025-W47,31
hospital admissions,LT,2025-11-16,2025-W46,55
hospital admissions,LT,2025-11-09,2025-W45,39
hospital admissions,LT,2025-11-02,2025-W44,68
hospital admissions,LT,2025-10-26,2025-W43,50
hospital admissions,LT,2025-10-19,2025-W42,104
hospital admissions,LT,2025-10-12,2025-W41,105
hospital admissions,LT,2025-10-05,2025-W40,72
hospital admissions,LT,2025-05-18,2025-W20,10
hospital admissions,LT,2025-05-11,2025-W19,9
hospital admissions,LT,2025-05-04,2025-W18,5
hospital admissions,LT,2025-04-27,2025-W17,5
hospital admissions,LT,2025-04-20,2025-W16,7
hospital admissions,LT,2025-04-13,2025-W15,8
hospital admissions,LT,2025-04-06,2025-W14,11
hospital admissions,LT,2025-03-30,2025-W13,22
hospital admissions,LT,2025-03-23,2025-W12,11
hospital admissions,LT,2025-03-16,2025-W11,15
hospital admissions,LT,2025-03-09,2025-W10,11
hospital admissions,LT,2025-03-02,2025-W09,18
hospital admissions,LT,2025-02-23,2025-W08,16
hospital admissions,LT,2025-02-16,2025-W07,13
hospital admissions,LT,2025-02-09,2025-W06,15
hospital admissions,LT,2025-02-02,2025-W05,8
hospital admissions,LT,2025-01-26,2025-W04,16
hospital admissions,LT,2025-01-19,2025-W03,42
hospital admissions,LT,2025-01-12,2025-W02,50
hospital admissions,LT,2025-01-05,2025-W01,42
hospital admissions,LT,2024-12-29,2024-W52,54
hospital admissions,LT,2024-12-22,2024-W51,49
hospital admissions,LT,2024-12-15,2024-W50,62
hospital admissions,LT,2024-12-08,2024-W49,41
hospital admissions,LT,2024-12-01,2024-W48,30
hospital admissions,LT,2024-11-24,2024-W47,62
hospital admissions,LT,2024-11-17,2024-W46,73
hospital admissions,LT,2024-11-10,2024-W45,72
hospital admissions,LT,2024-11-03,2024-W44,50
hospital admissions,LT,2024-10-27,2024-W43,84
hospital admissions,LT,2024-10-20,2024-W42,86
hospital admissions,LT,2024-10-13,2024-W41,85
hospital admissions,LT,2024-10-06,2024-W40,90
hospital admissions,LT,2024-05-19,2024-W20,15
hospital admissions,LT,2024-05-12,2024-W19,14
hospital admissions,LT,2024-05-05,2024-W18,15
hospital admissions,LT,2024-04-28,2024-W17,18
hospital admissions,LT,2024-04-21,2024-W16,20
hospital admissions,LT,2024-04-14,2024-W15,22
hospital admissions,LT,2024-04-07,2024-W14,19
hospital admissions,LT,2024-03-31,2024-W13,22
hospital admissions,LT,2024-03-24,2024-W12,28
hospital admissions,LT,2024-03-17,2024-W11,28
hospital admissions,LT,2024-03-10,2024-W10,31
hospital admissions,LT,2024-03-03,2024-W09,27
hospital admissions,LT,2024-02-25,2024-W08,30
hospital admissions,LT,2024-02-18,2024-W07,43
hospital admissions,LT,2024-02-11,2024-W06,51
hospital admissions,LT,2024-02-04,2024-W05,48
hospital admissions,LT,2024-01-28,2024-W04,92
hospital admissions,LT,2024-01-21,2024-W03,68
hospital admissions,LT,2023-12-10,2023-W49,0
hospital admissions,LT,2023-12-03,2023-W48,146
hospital admissions,LT,2023-11-26,2023-W47,123
hospital admissions,LT,2023-11-19,2023-W46,118
hospital admissions,LT,2023-11-12,2023-W45,120
hospital admissions,LT,2023-11-05,2023-W44,100
hospital admissions,LT,2023-10-29,2023-W43,74
hospital admissions,LT,2023-10-22,2023-W42,46
hospital admissions,LT,2023-10-15,2023-W41,47
hospital admissions,LT,2023-10-08,2023-W40,49
hospital admissions,LT,2023-10-01,2023-W39,45
hospital admissions,LT,2023-09-24,2023-W38,38
hospital admissions,LT,2023-09-17,2023-W37,35
hospital admissions,LT,2023-09-10,2023-W36,36
hospital admissions,LT,2023-09-03,2023-W35,35
hospital admissions,LT,2023-08-27,2023-W34,20
hospital admissions,LT,2023-08-20,2023-W33,16
hospital admissions,LT,2023-08-13,2023-W32,17
hospital admissions,LT,2023-08-06,2023-W31,13
hospital admissions,LT,2023-07-30,2023-W30,14
hospital admissions,LT,2023-07-23,2023-W29,14
hospital admissions,LT,2023-07-16,2023-W28,15
hospital admissions,LT,2023-07-09,2023-W27,22
hospital admissions,LT,2023-07-02,2023-W26,235
hospital admissions,LT,2023-06-25,2023-W25,310
hospital admissions,LT,2023-06-18,2023-W24,351
hospital admissions,LT,2023-06-11,2023-W23,313
hospital admissions,LT,2023-06-04,2023-W22,372
hospital admissions,LT,2023-05-28,2023-W21,435
hospital admissions,LT,2023-05-21,2023-W20,186
hospital admissions,LT,2023-05-14,2023-W19,441
hospital admissions,LT,2023-05-07,2023-W18,507
hospital admissions,LT,2023-04-30,2023-W17,514
hospital admissions,LT,2023-04-23,2023-W16,661
hospital admissions,LT,2023-04-16,2023-W15,667
hospital admissions,LT,2023-04-09,2023-W14,621
hospital admissions,LT,2023-04-02,2023-W13,716
hospital admissions,LT,2023-03-26,2023-W12,847
hospital admissions,LT,2023-03-19,2023-W11,880
hospital admissions,LT,2023-03-12,2023-W10,871
hospital admissions,LT,2023-03-05,2023-W09,867
hospital admissions,LT,2023-02-26,2023-W08,660
hospital admissions,LT,2023-02-19,2023-W07,826
hospital admissions,LT,2023-02-12,2023-W06,856
hospital admissions,LT,2023-02-05,2023-W05,760
hospital admissions,LT,2023-01-29,2023-W04,726
hospital admissions,LT,2023-01-22,2023-W03,912
hospital admissions,LT,2023-01-15,2023-W02,4321
hospital admissions,LT,2023-01-08,2023-W01,3986
hospital admissions,LT,2023-01-01,2022-W52,3668
hospital admissions,LT,2022-12-25,2022-W51,900
hospital admissions,LT,2022-12-18,2022-W50,572
hospital admissions,LT,2022-12-11,2022-W49,613
hospital admissions,LT,2022-12-04,2022-W48,2154
hospital admissions,LT,2022-11-27,2022-W47,2679
hospital admissions,LT,2022-11-20,2022-W46,4389
hospital admissions,LT,2022-11-13,2022-W45,4058
hospital admissions,LT,2022-11-06,2022-W44,3898
hospital admissions,LT,2022-10-30,2022-W43,4178
hospital admissions,LT,2022-10-23,2022-W42,4239
hospital admissions,LT,2022-10-16,2022-W41,4174
hospital admissions,LT,2022-10-09,2022-W40,3878
hospital admissions,LT,2022-10-02,2022-W39,4934
hospital admissions,LT,2022-09-25,2022-W38,6115
hospital admissions,LT,2022-09-18,2022-W37,6385
hospital admissions,LT,2022-09-11,2022-W36,4111
hospital admissions,LT,2022-09-04,2022-W35,3724
hospital admissions,LT,2022-08-28,2022-W34,4770
hospital admissions,LT,2022-08-21,2022-W33,5531
hospital admissions,LT,2022-08-14,2022-W32,7633
hospital admissions,LT,2022-08-07,2022-W31,7419
hospital admissions,LT,2022-07-31,2022-W30,6665
hospital admissions,LT,2022-07-24,2022-W29,5545
hospital admissions,LT,2022-07-17,2022-W28,4004
hospital admissions,LT,2022-07-10,2022-W27,2458
hospital admissions,LT,2022-07-03,2022-W26,2209
hospital admissions,LT,2022-06-26,2022-W25,1378
hospital admissions,LU,2023-04-16,2023-W15,1
hospital admissions,LU,2023-04-02,2023-W13,11
hospital admissions,LU,2023-03-26,2023-W12,19
hospital admissions,LU,2023-03-19,2023-W11,15
hospital admissions,LU,2023-03-12,2023-W10,12
hospital admissions,LU,2023-03-05,2023-W09,24
hospital admissions,LU,2023-02-26,2023-W08,21
hospital admissions,LU,2023-02-19,2023-W07,13
hospital admissions,LU,2023-02-12,2023-W06,12
hospital admissions,LU,2023-02-05,2023-W05,17
hospital admissions,LU,2023-01-29,2023-W04,6
hospital admissions,LU,2023-01-22,2023-W03,11
hospital admissions,LU,2023-01-15,2023-W02,13
hospital admissions,LU,2023-01-08,2023-W01,22
hospital admissions,LU,2023-01-01,2022-W52,17
hospital admissions,LU,2022-12-25,2022-W51,28
hospital admissions,LU,2022-12-18,2022-W50,46
hospital admissions,LU,2022-12-11,2022-W49,24
hospital admissions,LU,2022-12-04,2022-W48,20
hospital admissions,LU,2022-11-27,2022-W47,20
hospital admissions,LU,2022-11-20,2022-W46,23
hospital admissions,LU,2022-11-13,2022-W45,24
hospital admissions,LU,2022-11-06,2022-W44,11
hospital admissions,LU,2022-10-30,2022-W43,26
hospital admissions,LU,2022-10-23,2022-W42,34
hospital admissions,LU,2022-10-16,2022-W41,27
hospital admissions,LU,2022-10-09,2022-W40,28
hospital admissions,LU,2022-10-02,2022-W39,26
hospital admissions,LU,2022-09-25,2022-W38,14
hospital admissions,LU,2022-09-18,2022-W37,13
hospital admissions,LU,2022-09-11,2022-W36,5
hospital admissions,LU,2022-09-04,2022-W35,15
hospital admissions,LU,2022-08-28,2022-W34,8
hospital admissions,LU,2022-08-21,2022-W33,16
hospital admissions,LU,2022-08-14,2022-W32,14
hospital admissions,LU,2022-08-07,2022-W31,15
hospital admissions,LU,2022-07-31,2022-W30,20
hospital admissions,LU,2022-07-24,2022-W29,24
hospital admissions,LU,2022-07-17,2022-W28,31
hospital admissions,LU,2022-07-10,2022-W27,33
hospital admissions,LU,2022-07-03,2022-W26,22
hospital admissions,LU,2022-06-26,2022-W25,12
hospital admissions,MT,2026-08-09,2026-W32,12
hospital admissions,MT,2026-08-02,2026-W31,13
hospital admissions,MT,2026-07-26,2026-W30,10
hospital admissions,MT,2026-07-19,2026-W29,7
hospital admissions,MT,2026-07-12,2026-W28,3
hospital admissions,MT,2026-07-05,2026-W27,4
hospital admissions,MT,2026-06-28,2026-W26,2
hospital admissions,MT,2026-06-21,2026-W25,4
hospital admissions,MT,2026-06-14,2026-W24,1
hospital admissions,MT,2026-06-07,2026-W23,1
hospital admissions,MT,2026-05-31,2026-W22,3
hospital admissions,MT,2026-05-24,2026-W21,2
hospital admissions,MT,2026-05-17,2026-W20,1
hospital admissions,MT,2026-05-10,2026-W19,1
hospital admissions,MT,2026-05-03,2026-W18,1
hospital admissions,MT,2026-04-26,2026-W17,2
hospital admissions,MT,2026-04-19,2026-W16,1
hospital admissions,MT,2026-04-12,2026-W15,1
hospital admissions,MT,2026-04-05,2026-W14,1
hospital admissions,MT,2026-03-29,2026-W13,1
hospital admissions,MT,2026-03-22,2026-W12,1
hospital admissions,MT,2026-03-08,2026-W10,3
hospital admissions,MT,2026-02-22,2026-W08,1
hospital admissions,MT,2026-02-15,2026-W07,1
hospital admissions,MT,2026-02-08,2026-W06,1
hospital admissions,MT,2026-02-01,2026-W05,5
hospital admissions,MT,2026-01-11,2026-W02,1
hospital admissions,MT,2026-01-04,2026-W01,5
hospital admissions,MT,2025-12-28,2025-W52,7
hospital admissions,MT,2025-12-21,2025-W51,5
hospital admissions,MT,2025-12-14,2025-W50,3
hospital admissions,MT,2025-12-07,2025-W49,2
hospital admissions,MT,2025-11-30,2025-W48,3
hospital admissions,MT,2025-11-23,2025-W47,5
hospital admissions,MT,2025-11-16,2025-W46,4
hospital admissions,MT,2025-11-09,2025-W45,4
hospital admissions,MT,2025-11-02,2025-W44,11
hospital admissions,MT,2025-10-26,2025-W43,24
hospital admissions,MT,2025-10-19,2025-W42,24
hospital admissions,MT,2025-10-12,2025-W41,22
hospital admissions,MT,2025-10-05,2025-W40,17
hospital admissions,MT,2025-09-28,2025-W39,22
hospital admissions,MT,2025-09-21,2025-W38,20
hospital admissions,MT,2025-09-14,2025-W37,17
hospital admissions,MT,2025-09-07,2025-W36,17
hospital admissions,MT,2025-08-31,2025-W35,21
hospital admissions,MT,2025-08-24,2025-W34,41
hospital admissions,MT,2025-08-17,2025-W33,44
hospital admissions,MT,2025-08-10,2025-W32,64
hospital admissions,MT,2025-08-03,2025-W31,52
hospital admissions,MT,2025-07-27,2025-W30,88
hospital admissions,MT,2025-07-20,2025-W29,70
hospital admissions,MT,2025-07-13,2025-W28,63
hospital admissions,MT,2025-07-06,2025-W27,50
hospital admissions,MT,2025-06-29,2025-W26,51
hospital admissions,MT,2025-06-22,2025-W25,43
hospital admissions,MT,2025-06-15,2025-W24,38
hospital admissions,MT,2025-06-08,2025-W23,11
hospital admissions,MT,2025-06-01,2025-W22,12
hospital admissions,MT,2025-05-25,2025-W21,20
hospital admissions,MT,2025-05-18,2025-W20,13
hospital admissions,MT,2025-05-11,2025-W19,7
hospital admissions,MT,2025-05-04,2025-W18,13
hospital admissions,MT,2025-04-27,2025-W17,4
hospital admissions,MT,2025-04-20,2025-W16,1
hospital admissions,MT,2025-04-13,2025-W15,3
hospital admissions,MT,2025-04-06,2025-W14,4
hospital admissions,MT,2025-03-30,2025-W13,3
hospital admissions,MT,2025-03-23,2025-W12,6
hospital admissions,MT,2025-03-16,2025-W11,4
hospital admissions,MT,2025-03-09,2025-W10,3
hospital admissions,MT,2025-03-02,2025-W09,1
hospital admissions,MT,2025-02-23,2025-W08,1
hospital admissions,MT,2025-02-16,2025-W07,1
hospital admissions,MT,2025-02-09,2025-W06,1
hospital admissions,MT,2025-02-02,2025-W05,3
hospital admissions,MT,2025-01-26,2025-W04,3
hospital admissions,MT,2025-01-19,2025-W03,2
hospital admissions,MT,2025-01-12,2025-W02,3
hospital admissions,MT,2025-01-05,2025-W01,3
hospital admissions,MT,2024-12-29,2024-W52,1
hospital admissions,MT,2024-12-22,2024-W51,1
hospital admissions,MT,2024-12-15,2024-W50,1
hospital admissions,MT,2024-12-08,2024-W49,8
hospital admissions,MT,2024-12-01,2024-W48,4
hospital admissions,MT,2024-11-24,2024-W47,8
hospital admissions,MT,2024-11-17,2024-W46,1
hospital admissions,MT,2024-11-10,2024-W45,4
hospital admissions,MT,2024-11-03,2024-W44,6
hospital admissions,MT,2024-10-27,2024-W43,12
hospital admissions,MT,2024-10-20,2024-W42,4
hospital admissions,MT,2024-10-13,2024-W41,11
hospital admissions,MT,2024-10-06,2024-W40,6
hospital admissions,MT,2024-09-29,2024-W39,15
hospital admissions,MT,2024-09-22,2024-W38,12
hospital admissions,MT,2024-09-15,2024-W37,10
hospital admissions,MT,2024-09-08,2024-W36,25
hospital admissions,MT,2024-09-01,2024-W35,19
hospital admissions,MT,2024-08-25,2024-W34,26
hospital admissions,MT,2024-08-18,2024-W33,25
hospital admissions,MT,2024-08-11,2024-W32,28
hospital admissions,MT,2024-08-04,2024-W31,41
hospital admissions,MT,2024-07-28,2024-W30,48
hospital admissions,MT,2024-07-21,2024-W29,68
hospital admissions,MT,2024-07-14,2024-W28,73
hospital admissions,MT,2024-07-07,2024-W27,83
hospital admissions,MT,2024-06-30,2024-W26,75
hospital admissions,MT,2024-06-23,2024-W25,64
hospital admissions,MT,2024-06-16,2024-W24,42
hospital admissions,MT,2024-06-09,2024-W23,33
hospital admissions,MT,2024-06-02,2024-W22,32
hospital admissions,MT,2024-05-26,2024-W21,17
hospital admissions,MT,2024-05-19,2024-W20,18
hospital admissions,MT,2024-05-12,2024-W19,10
hospital admissions,MT,2024-05-05,2024-W18,6
hospital admissions,MT,2024-04-28,2024-W17,13
hospital admissions,MT,2024-04-21,2024-W16,7
hospital admissions,MT,2024-04-14,2024-W15,5
hospital admissions,MT,2024-04-07,2024-W14,2
hospital admissions,MT,2024-03-31,2024-W13,5
hospital admissions,MT,2024-03-24,2024-W12,3
hospital admissions,MT,2024-03-17,2024-W11,4
hospital admissions,MT,2024-03-10,2024-W10,2
hospital admissions,MT,2024-03-03,2024-W09,3
hospital admissions,MT,2024-02-25,2024-W08,5
hospital admissions,MT,2024-02-18,2024-W07,10
hospital admissions,MT,2024-02-11,2024-W06,5
hospital admissions,MT,2024-02-04,2024-W05,10
hospital admissions,MT,2024-01-28,2024-W04,9
hospital admissions,MT,2024-01-21,2024-W03,18
hospital admissions,MT,2024-01-14,2024-W02,28
hospital admissions,MT,2024-01-07,2024-W01,42
hospital admissions,MT,2023-12-31,2023-W52,53
hospital admissions,MT,2023-12-24,2023-W51,38
hospital admissions,MT,2023-12-17,2023-W50,24
hospital admissions,MT,2023-12-10,2023-W49,16
hospital admissions,MT,2023-12-03,2023-W48,11
hospital admissions,MT,2023-11-26,2023-W47,14
hospital admissions,MT,2023-11-19,2023-W46,4
hospital admissions,MT,2023-11-12,2023-W45,9
hospital admissions,MT,2023-11-05,2023-W44,13
hospital admissions,MT,2023-10-29,2023-W43,11
hospital admissions,MT,2023-10-22,2023-W42,14
hospital admissions,MT,2023-10-15,2023-W41,18
hospital admissions,MT,2023-10-08,2023-W40,14
hospital admissions,MT,2023-10-01,2023-W39,19
hospital admissions,MT,2023-09-24,2023-W38,22
hospital admissions,MT,2023-09-17,2023-W37,14
hospital admissions,MT,2023-09-10,2023-W36,29
hospital admissions,MT,2023-09-03,2023-W35,26
hospital admissions,MT,2023-08-27,2023-W34,36
hospital admissions,MT,2023-08-20,2023-W33,43
hospital admissions,MT,2023-08-13,2023-W32,25
hospital admissions,MT,2023-08-06,2023-W31,50
hospital admissions,MT,2023-07-30,2023-W30,58
hospital admissions,MT,2023-07-23,2023-W29,37
hospital admissions,MT,2023-07-16,2023-W28,30
hospital admissions,MT,2023-07-09,2023-W27,16
hospital admissions,MT,2023-07-02,2023-W26,24
hospital admissions,MT,2023-06-25,2023-W25,28
hospital admissions,MT,2023-06-18,2023-W24,30
hospital admissions,MT,2023-06-11,2023-W23,20
hospital admissions,MT,2023-06-04,2023-W22,32
hospital admissions,MT,2023-05-28,2023-W21,22
hospital admissions,MT,2023-05-21,2023-W20,18
hospital admissions,MT,2023-05-14,2023-W19,15
hospital admissions,MT,2023-05-07,2023-W18,19
hospital admissions,MT,2023-04-30,2023-W17,19
hospital admissions,MT,2023-04-23,2023-W16,26
hospital admissions,MT,2023-04-16,2023-W15,27
hospital admissions,MT,2023-04-09,2023-W14,16
hospital admissions,MT,2023-04-02,2023-W13,31
hospital admissions,MT,2023-03-26,2023-W12,30
hospital admissions,MT,2023-03-19,2023-W11,27
hospital admissions,MT,2023-03-12,2023-W10,25
hospital admissions,MT,2023-03-05,2023-W09,31
hospital admissions,MT,2023-02-26,2023-W08,33
hospital admissions,MT,2023-02-19,2023-W07,36
hospital admissions,MT,2023-02-12,2023-W06,28
hospital admissions,MT,2023-02-05,2023-W05,14
hospital admissions,MT,2023-01-29,2023-W04,13
hospital admissions,MT,2023-01-22,2023-W03,20
hospital admissions,MT,2023-01-15,2023-W02,37
hospital admissions,MT,2023-01-08,2023-W01,12
hospital admissions,MT,2023-01-01,2022-W52,38
hospital admissions,MT,2022-12-25,2022-W51,17
hospital admissions,MT,2022-12-18,2022-W50,22
hospital admissions,MT,2022-12-11,2022-W49,15
hospital admissions,MT,2022-12-04,2022-W48,12
hospital admissions,MT,2022-11-27,2022-W47,12
hospital admissions,MT,2022-11-20,2022-W46,11
hospital admissions,MT,2022-11-13,2022-W45,20
hospital admissions,MT,2022-11-06,2022-W44,17
hospital admissions,MT,2022-10-30,2022-W43,13
hospital admissions,MT,2022-10-23,2022-W42,17
hospital admissions,MT,2022-10-16,2022-W41,13
hospital admissions,MT,2022-10-09,2022-W40,16
hospital admissions,MT,2022-10-02,2022-W39,10
hospital admissions,MT,2022-09-25,2022-W38,1
hospital admissions,MT,2022-09-18,2022-W37,1
hospital admissions,MT,2022-09-11,2022-W36,1
hospital admissions,MT,2022-09-04,2022-W35,2
hospital admissions,MT,2022-08-28,2022-W34,1
hospital admissions,MT,2022-08-21,2022-W33,2
hospital admissions,MT,2022-08-14,2022-W32,2
hospital admissions,MT,2022-08-07,2022-W31,1
hospital admissions,MT,2022-07-31,2022-W30,21
hospital admissions,MT,2022-07-24,2022-W29,1
hospital admissions,MT,2022-07-17,2022-W28,1
hospital admissions,MT,2022-07-10,2022-W27,2
hospital admissions,MT,2022-07-03,2022-W26,1
hospital admissions,MT,2022-06-26,2022-W25,88
hospital admissions,NL,2024-06-02,2024-W22,86
hospital admissions,NL,2024-05-26,2024-W21,71
hospital admissions,NL,2024-05-19,2024-W20,64
hospital admissions,NL,2024-05-12,2024-W19,63
hospital admissions,NL,2024-05-05,2024-W18,76
hospital admissions,NL,2024-04-28,2024-W17,64
hospital admissions,NL,2024-04-21,2024-W16,84
hospital admissions,NL,2024-04-14,2024-W15,77
hospital admissions,NL,2024-04-07,2024-W14,63
hospital admissions,NL,2024-03-31,2024-W13,93
hospital admissions,NL,2024-03-24,2024-W12,71
hospital admissions,NL,2024-03-17,2024-W11,93
hospital admissions,NL,2024-03-10,2024-W10,101
hospital admissions,NL,2024-03-03,2024-W09,122
hospital admissions,NL,2024-02-25,2024-W08,139
hospital admissions,NL,2024-02-18,2024-W07,166
hospital admissions,NL,2024-02-11,2024-W06,210
hospital admissions,NL,2024-02-04,2024-W05,258
hospital admissions,NL,2024-01-28,2024-W04,260
hospital admissions,NL,2024-01-21,2024-W03,303
hospital admissions,NL,2024-01-14,2024-W02,355
hospital admissions,NL,2024-01-07,2024-W01,442
hospital admissions,NL,2023-12-31,2023-W52,422
hospital admissions,NL,2023-12-24,2023-W51,809
hospital admissions,NL,2023-12-17,2023-W50,801
hospital admissions,NL,2023-12-10,2023-W49,693
hospital admissions,NL,2023-12-03,2023-W48,512
hospital admissions,NL,2023-11-26,2023-W47,522
hospital admissions,NL,2023-11-19,2023-W46,469
hospital admissions,NL,2023-11-12,2023-W45,526
hospital admissions,NL,2023-11-05,2023-W44,491
hospital admissions,NL,2023-10-29,2023-W43,479
hospital admissions,NL,2023-10-22,2023-W42,357
hospital admissions,NL,2023-10-15,2023-W41,326
hospital admissions,NL,2023-10-08,2023-W40,287
hospital admissions,NL,2023-10-01,2023-W39,245
hospital admissions,NL,2023-09-24,2023-W38,260
hospital admissions,NL,2023-09-17,2023-W37,235
hospital admissions,NL,2023-09-10,2023-W36,202
hospital admissions,NL,2023-09-03,2023-W35,102
hospital admissions,NL,2023-08-27,2023-W34,78
hospital admissions,NL,2023-08-20,2023-W33,56
hospital admissions,NL,2023-08-13,2023-W32,57
hospital admissions,NL,2023-08-06,2023-W31,55
hospital admissions,NL,2023-07-30,2023-W30,38
hospital admissions,NL,2023-07-23,2023-W29,38
hospital admissions,NL,2023-07-16,2023-W28,39
hospital admissions,NL,2023-07-09,2023-W27,38
hospital admissions,NL,2023-07-02,2023-W26,29
hospital admissions,NL,2023-06-25,2023-W25,32
hospital admissions,NL,2023-06-18,2023-W24,54
hospital admissions,NL,2023-06-11,2023-W23,60
hospital admissions,NL,2023-06-04,2023-W22,79
hospital admissions,NL,2023-05-28,2023-W21,78
hospital admissions,NL,2023-05-21,2023-W20,113
hospital admissions,NL,2023-05-14,2023-W19,143
hospital admissions,NL,2023-05-07,2023-W18,182
hospital admissions,NL,2023-04-30,2023-W17,224
hospital admissions,NL,2023-04-23,2023-W16,306
hospital admissions,NL,2023-04-16,2023-W15,315
hospital admissions,NL,2023-04-09,2023-W14,386
hospital admissions,NL,2023-04-02,2023-W13,523
hospital admissions,NL,2023-03-26,2023-W12,669
hospital admissions,NL,2023-03-19,2023-W11,781
hospital admissions,NL,2023-03-12,2023-W10,862
hospital admissions,NL,2023-03-05,2023-W09,829
hospital admissions,NL,2023-02-26,2023-W08,609
hospital admissions,NL,2023-02-19,2023-W07,475
hospital admissions,NL,2023-02-12,2023-W06,360
hospital admissions,NL,2023-02-05,2023-W05,316
hospital admissions,NL,2023-01-29,2023-W04,245
hospital admissions,NL,2023-01-22,2023-W03,308
hospital admissions,NL,2023-01-15,2023-W02,398
hospital admissions,NL,2023-01-08,2023-W01,604
hospital admissions,NL,2023-01-01,2022-W52,714
hospital admissions,NL,2022-12-25,2022-W51,655
hospital admissions,NL,2022-12-18,2022-W50,535
hospital admissions,NL,2022-12-11,2022-W49,509
hospital admissions,NL,2022-12-04,2022-W48,388
hospital admissions,NL,2022-11-27,2022-W47,381
hospital admissions,NL,2022-11-20,2022-W46,316
hospital admissions,NL,2022-11-13,2022-W45,370
hospital admissions,NL,2022-11-06,2022-W44,436
hospital admissions,NL,2022-10-30,2022-W43,585
hospital admissions,NL,2022-10-23,2022-W42,743
hospital admissions,NL,2022-10-16,2022-W41,803
hospital admissions,NL,2022-10-09,2022-W40,798
hospital admissions,NL,2022-10-02,2022-W39,692
hospital admissions,NL,2022-09-25,2022-W38,438
hospital admissions,NL,2022-09-18,2022-W37,303
hospital admissions,NL,2022-09-11,2022-W36,291
hospital admissions,NL,2022-09-04,2022-W35,245
hospital admissions,NL,2022-08-28,2022-W34,278
hospital admissions,NL,2022-08-21,2022-W33,346
hospital admissions,NL,2022-08-14,2022-W32,384
hospital admissions,NL,2022-08-07,2022-W31,491
hospital admissions,NL,2022-07-31,2022-W30,591
hospital admissions,NL,2022-07-24,2022-W29,765
hospital admissions,NL,2022-07-17,2022-W28,811
hospital admissions,NL,2022-07-10,2022-W27,702
hospital admissions,NL,2022-07-03,2022-W26,631
hospital admissions,NL,2022-06-26,2022-W25,527
hospital admissions,PL,2026-07-26,2026-W30,2
hospital admissions,PL,2026-07-19,2026-W29,2
hospital admissions,PL,2026-07-12,2026-W28,4
hospital admissions,PL,2026-07-05,2026-W27,2
hospital admissions,PL,2026-06-21,2026-W25,1
hospital admissions,PL,2026-06-07,2026-W23,2
hospital admissions,PL,2026-05-31,2026-W22,1
hospital admissions,PL,2026-05-24,2026-W21,4
hospital admissions,PL,2026-05-17,2026-W20,6
hospital admissions,PL,2026-05-10,2026-W19,9
hospital admissions,PL,2026-05-03,2026-W18,6
hospital admissions,PL,2026-04-26,2026-W17,13
hospital admissions,PL,2026-04-19,2026-W16,14
hospital admissions,PL,2026-04-12,2026-W15,14
hospital admissions,PL,2026-04-05,2026-W14,22
hospital admissions,PL,2026-03-29,2026-W13,20
hospital admissions,PL,2026-03-22,2026-W12,21
hospital admissions,PL,2026-03-15,2026-W11,21
hospital admissions,PL,2026-03-08,2026-W10,32
hospital admissions,PL,2026-03-01,2026-W09,31
hospital admissions,PL,2026-02-22,2026-W08,46
hospital admissions,PL,2026-02-15,2026-W07,41
hospital admissions,PL,2026-02-08,2026-W06,40
hospital admissions,PL,2026-02-01,2026-W05,48
hospital admissions,PL,2026-01-25,2026-W04,51
hospital admissions,PL,2026-01-18,2026-W03,80
hospital admissions,PL,2026-01-11,2026-W02,60
hospital admissions,PL,2026-01-04,2026-W01,82
hospital admissions,PL,2025-12-28,2025-W52,64
hospital admissions,PL,2025-12-21,2025-W51,76
hospital admissions,PL,2025-12-14,2025-W50,77
hospital admissions,PL,2025-12-07,2025-W49,120
hospital admissions,PL,2025-11-30,2025-W48,122
hospital admissions,PL,2025-11-23,2025-W47,119
hospital admissions,PL,2025-11-16,2025-W46,134
hospital admissions,PL,2025-11-09,2025-W45,142
hospital admissions,PL,2025-11-02,2025-W44,229
hospital admissions,PL,2025-10-26,2025-W43,264
hospital admissions,PL,2025-10-19,2025-W42,321
hospital admissions,PL,2025-10-12,2025-W41,330
hospital admissions,PL,2025-10-05,2025-W40,304
hospital admissions,PL,2025-09-28,2025-W39,278
hospital admissions,PL,2025-09-21,2025-W38,300
hospital admissions,PL,2025-09-14,2025-W37,259
hospital admissions,PL,2025-09-07,2025-W36,227
hospital admissions,PL,2025-08-31,2025-W35,153
hospital admissions,PL,2025-08-24,2025-W34,121
hospital admissions,PL,2025-08-17,2025-W33,80
hospital admissions,PL,2025-08-10,2025-W32,71
hospital admissions,PL,2025-08-03,2025-W31,45
hospital admissions,PL,2025-07-27,2025-W30,58
hospital admissions,PL,2025-07-20,2025-W29,22
hospital admissions,PL,2025-07-13,2025-W28,33
hospital admissions,PL,2025-07-06,2025-W27,23
hospital admissions,PL,2025-06-29,2025-W26,36
hospital admissions,PL,2025-06-22,2025-W25,35
hospital admissions,PL,2025-06-15,2025-W24,44
hospital admissions,PL,2025-06-08,2025-W23,35
hospital admissions,PL,2025-06-01,2025-W22,44
hospital admissions,PL,2025-05-25,2025-W21,29
hospital admissions,PL,2025-05-18,2025-W20,13
hospital admissions,PL,2025-05-11,2025-W19,22
hospital admissions,PL,2025-05-04,2025-W18,12
hospital admissions,PL,2025-04-27,2025-W17,21
hospital admissions,PL,2025-04-20,2025-W16,42
hospital admissions,PL,2025-04-13,2025-W15,25
hospital admissions,PL,2025-04-06,2025-W14,36
hospital admissions,PL,2025-03-30,2025-W13,37
hospital admissions,PL,2025-03-23,2025-W12,38
hospital admissions,PL,2025-03-16,2025-W11,28
hospital admissions,PL,2025-03-09,2025-W10,41
hospital admissions,PL,2025-03-02,2025-W09,56
hospital admissions,PL,2025-02-23,2025-W08,46
hospital admissions,PL,2025-02-16,2025-W07,52
hospital admissions,PL,2025-02-09,2025-W06,76
hospital admissions,PL,2025-02-02,2025-W05,46
hospital admissions,PL,2025-01-26,2025-W04,60
hospital admissions,PL,2025-01-19,2025-W03,65
hospital admissions,PL,2025-01-12,2025-W02,81
hospital admissions,PL,2025-01-05,2025-W01,89
hospital admissions,PL,2024-12-29,2024-W52,38
hospital admissions,PL,2024-12-22,2024-W51,54
hospital admissions,PL,2024-12-15,2024-W50,46
hospital admissions,PL,2024-12-08,2024-W49,66
hospital admissions,PL,2024-12-01,2024-W48,25
hospital admissions,PL,2024-11-24,2024-W47,9
hospital admissions,PL,2024-11-17,2024-W46,8
hospital admissions,PL,2024-11-10,2024-W45,7
hospital admissions,PL,2024-11-03,2024-W44,22
hospital admissions,PL,2024-10-27,2024-W43,16
hospital admissions,PL,2024-10-20,2024-W42,18
hospital admissions,PL,2024-10-13,2024-W41,15
hospital admissions,PL,2024-10-06,2024-W40,8
hospital admissions,PL,2024-09-29,2024-W39,7
hospital admissions,PL,2024-09-22,2024-W38,18
hospital admissions,PL,2024-09-15,2024-W37,16
hospital admissions,PL,2024-09-08,2024-W36,26
hospital admissions,PL,2024-09-01,2024-W35,13
hospital admissions,PL,2024-08-25,2024-W34,6
hospital admissions,PL,2024-08-18,2024-W33,13
hospital admissions,PL,2024-08-11,2024-W32,6
hospital admissions,PL,2024-08-04,2024-W31,3
hospital admissions,PL,2024-07-28,2024-W30,3
hospital admissions,PL,2024-07-21,2024-W29,1
hospital admissions,PL,2024-07-14,2024-W28,2
hospital admissions,PL,2024-07-07,2024-W27,2
hospital admissions,PL,2024-06-30,2024-W26,1
hospital admissions,PL,2024-05-19,2024-W20,2
hospital admissions,PL,2024-05-12,2024-W19,1
hospital admissions,PL,2024-04-21,2024-W16,1
hospital admissions,PL,2024-03-31,2024-W13,1
hospital admissions,PL,2024-03-24,2024-W12,1
hospital admissions,PL,2024-03-03,2024-W09,4
hospital admissions,PL,2024-02-25,2024-W08,2
hospital admissions,PL,2024-02-18,2024-W07,2
hospital admissions,PL,2024-02-04,2024-W05,3
hospital admissions,PL,2024-01-28,2024-W04,4
hospital admissions,PL,2024-01-21,2024-W03,14
hospital admissions,PL,2024-01-14,2024-W02,9
hospital admissions,PL,2024-01-07,2024-W01,9
hospital admissions,PL,2023-12-31,2023-W52,9
hospital admissions,PL,2023-12-24,2023-W51,18
hospital admissions,PL,2023-12-17,2023-W50,23
hospital admissions,PL,2023-12-10,2023-W49,20
hospital admissions,PL,2023-12-03,2023-W48,24
hospital admissions,PL,2023-11-26,2023-W47,22
hospital admissions,PL,2023-11-19,2023-W46,10
hospital admissions,PL,2023-11-12,2023-W45,9
hospital admissions,PL,2023-11-05,2023-W44,8
hospital admissions,PL,2023-10-29,2023-W43,9
hospital admissions,PL,2023-10-22,2023-W42,13
hospital admissions,PL,2023-10-15,2023-W41,10
hospital admissions,PL,2023-10-08,2023-W40,6
hospital admissions,PL,2023-10-01,2023-W39,6
hospital admissions,PL,2023-09-24,2023-W38,10
hospital admissions,PL,2023-09-17,2023-W37,4
hospital admissions,PL,2023-09-10,2023-W36,6
hospital admissions,PL,2023-09-03,2023-W35,2
hospital admissions,PL,2023-08-27,2023-W34,2
hospital admissions,PL,2023-06-25,2023-W25,1
hospital admissions,PL,2023-06-11,2023-W23,1
hospital admissions,PL,2023-06-04,2023-W22,1
hospital admissions,PL,2023-05-28,2023-W21,1
hospital admissions,PL,2023-05-21,2023-W20,7
hospital admissions,PL,2023-05-14,2023-W19,7
hospital admissions,PL,2023-05-07,2023-W18,3
hospital admissions,PL,2023-04-30,2023-W17,9
hospital admissions,PL,2023-04-23,2023-W16,15
hospital admissions,PL,2023-04-16,2023-W15,23
hospital admissions,PL,2023-04-09,2023-W14,16
hospital admissions,PL,2023-04-02,2023-W13,23
hospital admissions,PL,2023-03-26,2023-W12,40
hospital admissions,PL,2023-03-19,2023-W11,50
hospital admissions,PL,2023-03-12,2023-W10,46
hospital admissions,PL,2023-03-05,2023-W09,57
hospital admissions,PL,2023-02-26,2023-W08,55
hospital admissions,PL,2023-02-19,2023-W07,44
hospital admissions,PL,2023-02-12,2023-W06,22
hospital admissions,PL,2023-02-05,2023-W05,18
hospital admissions,PL,2023-01-29,2023-W04,16
hospital admissions,PL,2023-01-22,2023-W03,17
hospital admissions,PL,2023-01-15,2023-W02,13
hospital admissions,PL,2023-01-08,2023-W01,17
hospital admissions,PL,2023-01-01,2022-W52,5
hospital admissions,PL,2022-12-25,2022-W51,7
hospital admissions,PL,2022-12-18,2022-W50,9
hospital admissions,PL,2022-12-11,2022-W49,18
hospital admissions,PL,2022-12-04,2022-W48,14
hospital admissions,PL,2022-11-27,2022-W47,9
hospital admissions,PL,2022-11-20,2022-W46,6
hospital admissions,PL,2022-11-13,2022-W45,10
hospital admissions,PL,2022-11-06,2022-W44,11
hospital admissions,PL,2022-10-30,2022-W43,18
hospital admissions,PL,2022-10-23,2022-W42,20
hospital admissions,PL,2022-10-16,2022-W41,11
hospital admissions,PL,2022-10-09,2022-W40,47
hospital admissions,PL,2022-10-02,2022-W39,68
hospital admissions,PL,2022-09-25,2022-W38,101
hospital admissions,PL,2022-09-18,2022-W37,104
hospital admissions,PL,2022-09-11,2022-W36,81
hospital admissions,PL,2022-09-04,2022-W35,57
hospital admissions,PL,2022-08-28,2022-W34,100
hospital admissions,PL,2022-08-21,2022-W33,102
hospital admissions,PL,2022-08-14,2022-W32,96
hospital admissions,PL,2022-08-07,2022-W31,112
hospital admissions,PL,2022-07-31,2022-W30,93
hospital admissions,PL,2022-07-24,2022-W29,90
hospital admissions,PL,2022-07-17,2022-W28,45
hospital admissions,PL,2022-07-10,2022-W27,44
hospital admissions,PL,2022-07-03,2022-W26,24
hospital admissions,PL,2022-06-26,2022-W25,18
hospital admissions,PT,2026-05-17,2026-W20,0
hospital admissions,PT,2026-05-10,2026-W19,0
hospital admissions,PT,2026-05-03,2026-W18,0
hospital admissions,PT,2026-04-26,2026-W17,1
hospital admissions,PT,2026-04-19,2026-W16,0
hospital admissions,PT,2026-04-12,2026-W15,6
hospital admissions,PT,2026-04-05,2026-W14,5
hospital admissions,PT,2026-03-29,2026-W13,5
hospital admissions,PT,2026-03-22,2026-W12,1
hospital admissions,PT,2026-03-15,2026-W11,5
hospital admissions,PT,2026-03-08,2026-W10,2
hospital admissions,PT,2026-03-01,2026-W09,5
hospital admissions,PT,2026-02-22,2026-W08,6
hospital admissions,PT,2026-02-15,2026-W07,4
hospital admissions,PT,2026-02-08,2026-W06,7
hospital admissions,PT,2026-02-01,2026-W05,1
hospital admissions,PT,2026-01-25,2026-W04,7
hospital admissions,PT,2026-01-18,2026-W03,4
hospital admissions,PT,2026-01-11,2026-W02,14
hospital admissions,PT,2026-01-04,2026-W01,18
hospital admissions,PT,2025-12-28,2025-W52,16
hospital admissions,PT,2025-12-21,2025-W51,12
hospital admissions,PT,2025-12-14,2025-W50,13
hospital admissions,PT,2025-12-07,2025-W49,14
hospital admissions,PT,2025-11-30,2025-W48,19
hospital admissions,PT,2025-11-23,2025-W47,17
hospital admissions,PT,2025-11-16,2025-W46,20
hospital admissions,PT,2025-11-09,2025-W45,22
hospital admissions,PT,2025-11-02,2025-W44,28
hospital admissions,PT,2025-10-26,2025-W43,43
hospital admissions,PT,2025-10-19,2025-W42,70
hospital admissions,PT,2025-10-12,2025-W41,115
hospital admissions,PT,2025-10-05,2025-W40,143
hospital admissions,PT,2025-09-28,2025-W39,144
hospital admissions,PT,2025-09-21,2025-W38,163
hospital admissions,PT,2025-09-14,2025-W37,160
hospital admissions,PT,2025-09-07,2025-W36,155
hospital admissions,PT,2025-08-31,2025-W35,183
hospital admissions,PT,2025-08-24,2025-W34,214
hospital admissions,PT,2025-08-17,2025-W33,178
hospital admissions,PT,2025-08-10,2025-W32,222
hospital admissions,PT,2025-08-03,2025-W31,175
hospital admissions,PT,2025-07-27,2025-W30,168
hospital admissions,PT,2025-07-20,2025-W29,173
hospital admissions,PT,2025-07-13,2025-W28,158
hospital admissions,PT,2025-07-06,2025-W27,139
hospital admissions,PT,2025-06-29,2025-W26,141
hospital admissions,PT,2025-06-22,2025-W25,123
hospital admissions,PT,2025-06-15,2025-W24,133
hospital admissions,PT,2025-06-08,2025-W23,105
hospital admissions,PT,2025-06-01,2025-W22,107
hospital admissions,PT,2025-05-25,2025-W21,101
hospital admissions,PT,2025-05-18,2025-W20,76
hospital admissions,PT,2025-05-11,2025-W19,54
hospital admissions,PT,2025-05-04,2025-W18,46
hospital admissions,PT,2025-04-27,2025-W17,49
hospital admissions,PT,2025-04-20,2025-W16,35
hospital admissions,PT,2025-04-13,2025-W15,50
hospital admissions,PT,2025-04-06,2025-W14,36
hospital admissions,PT,2025-03-30,2025-W13,34
hospital admissions,PT,2025-03-23,2025-W12,25
hospital admissions,PT,2025-03-16,2025-W11,27
hospital admissions,PT,2025-03-09,2025-W10,25
hospital admissions,PT,2025-03-02,2025-W09,19
hospital admissions,PT,2025-02-23,2025-W08,19
hospital admissions,PT,2025-02-16,2025-W07,23
hospital admissions,PT,2025-02-09,2025-W06,21
hospital admissions,PT,2025-02-02,2025-W05,28
hospital admissions,PT,2025-01-26,2025-W04,21
hospital admissions,PT,2025-01-19,2025-W03,22
hospital admissions,PT,2025-01-12,2025-W02,42
hospital admissions,PT,2025-01-05,2025-W01,37
hospital admissions,PT,2024-12-29,2024-W52,48
hospital admissions,PT,2024-12-22,2024-W51,30
hospital admissions,PT,2024-12-15,2024-W50,18
hospital admissions,PT,2024-12-08,2024-W49,27
hospital admissions,PT,2024-12-01,2024-W48,23
hospital admissions,PT,2024-11-24,2024-W47,27
hospital admissions,PT,2024-11-17,2024-W46,29
hospital admissions,PT,2024-11-10,2024-W45,40
hospital admissions,PT,2024-11-03,2024-W44,42
hospital admissions,PT,2024-10-27,2024-W43,76
hospital admissions,PT,2024-10-20,2024-W42,80
hospital admissions,PT,2024-10-13,2024-W41,91
hospital admissions,PT,2024-10-06,2024-W40,97
hospital admissions,PT,2024-09-29,2024-W39,110
hospital admissions,PT,2024-09-22,2024-W38,135
hospital admissions,PT,2024-09-15,2024-W37,130
hospital admissions,PT,2024-09-08,2024-W36,146
hospital admissions,PT,2024-09-01,2024-W35,187
hospital admissions,PT,2024-08-25,2024-W34,233
hospital admissions,PT,2024-08-18,2024-W33,197
hospital admissions,PT,2024-08-11,2024-W32,217
hospital admissions,PT,2024-08-04,2024-W31,272
hospital admissions,PT,2024-07-28,2024-W30,361
hospital admissions,PT,2024-07-21,2024-W29,459
hospital admissions,PT,2024-07-14,2024-W28,504
hospital admissions,PT,2024-07-07,2024-W27,603
hospital admissions,PT,2024-06-30,2024-W26,686
hospital admissions,PT,2024-06-23,2024-W25,611
hospital admissions,PT,2024-06-16,2024-W24,630
hospital admissions,PT,2024-06-09,2024-W23,592
hospital admissions,PT,2024-06-02,2024-W22,456
hospital admissions,PT,2024-05-26,2024-W21,357
hospital admissions,PT,2024-05-19,2024-W20,243
hospital admissions,PT,2024-05-12,2024-W19,178
hospital admissions,PT,2024-05-05,2024-W18,110
hospital admissions,PT,2024-04-28,2024-W17,74
hospital admissions,PT,2024-04-21,2024-W16,66
hospital admissions,PT,2024-04-14,2024-W15,45
hospital admissions,PT,2024-04-07,2024-W14,51
hospital admissions,PT,2024-03-31,2024-W13,44
hospital admissions,PT,2024-03-24,2024-W12,53
hospital admissions,PT,2024-03-17,2024-W11,40
hospital admissions,PT,2024-03-10,2024-W10,41
hospital admissions,PT,2024-03-03,2024-W09,43
hospital admissions,PT,2024-02-25,2024-W08,41
hospital admissions,PT,2024-02-18,2024-W07,50
hospital admissions,PT,2024-02-11,2024-W06,50
hospital admissions,PT,2024-02-04,2024-W05,83
hospital admissions,PT,2024-01-28,2024-W04,113
hospital admissions,PT,2024-01-21,2024-W03,177
hospital admissions,PT,2024-01-14,2024-W02,234
hospital admissions,PT,2024-01-07,2024-W01,284
hospital admissions,PT,2023-12-31,2023-W52,352
hospital admissions,PT,2023-12-24,2023-W51,315
hospital admissions,PT,2023-12-17,2023-W50,269
hospital admissions,PT,2023-12-10,2023-W49,274
hospital admissions,PT,2023-12-03,2023-W48,209
hospital admissions,PT,2023-11-26,2023-W47,199
hospital admissions,PT,2023-11-19,2023-W46,197
hospital admissions,PT,2023-11-12,2023-W45,178
hospital admissions,PT,2023-11-05,2023-W44,157
hospital admissions,PT,2023-10-29,2023-W43,197
hospital admissions,PT,2023-10-22,2023-W42,252
hospital admissions,PT,2023-10-15,2023-W41,316
hospital admissions,PT,2023-10-08,2023-W40,353
hospital admissions,PT,2023-10-01,2023-W39,400
hospital admissions,PT,2023-09-24,2023-W38,414
hospital admissions,PT,2023-09-17,2023-W37,491
hospital admissions,PT,2023-09-10,2023-W36,590
hospital admissions,PT,2023-09-03,2023-W35,663
hospital admissions,PT,2023-08-27,2023-W34,671
hospital admissions,PT,2023-08-20,2023-W33,615
hospital admissions,PT,2023-08-13,2023-W32,562
hospital admissions,PT,2023-08-06,2023-W31,445
hospital admissions,PT,2023-07-30,2023-W30,428
hospital admissions,PT,2023-07-23,2023-W29,399
hospital admissions,PT,2023-07-16,2023-W28,354
hospital admissions,PT,2023-07-09,2023-W27,291
hospital admissions,PT,2023-07-02,2023-W26,322
hospital admissions,PT,2023-06-25,2023-W25,309
hospital admissions,PT,2023-06-18,2023-W24,342
hospital admissions,PT,2023-06-11,2023-W23,368
hospital admissions,PT,2023-06-04,2023-W22,381
hospital admissions,PT,2023-05-28,2023-W21,439
hospital admissions,PT,2023-05-21,2023-W20,458
hospital admissions,PT,2023-05-14,2023-W19,319
hospital admissions,PT,2023-05-07,2023-W18,354
hospital admissions,PT,2023-04-30,2023-W17,332
hospital admissions,PT,2023-04-23,2023-W16,362
hospital admissions,PT,2023-04-16,2023-W15,352
hospital admissions,PT,2023-04-09,2023-W14,334
hospital admissions,PT,2023-04-02,2023-W13,350
hospital admissions,PT,2023-03-26,2023-W12,355
hospital admissions,PT,2023-03-19,2023-W11,386
hospital admissions,PT,2023-03-12,2023-W10,378
hospital admissions,PT,2023-03-05,2023-W09,376
hospital admissions,PT,2023-02-26,2023-W08,322
hospital admissions,PT,2023-02-19,2023-W07,368
hospital admissions,PT,2023-02-12,2023-W06,365
hospital admissions,PT,2023-02-05,2023-W05,342
hospital admissions,PT,2023-01-29,2023-W04,320
hospital admissions,PT,2023-01-22,2023-W03,329
hospital admissions,PT,2023-01-15,2023-W02,374
hospital admissions,PT,2023-01-08,2023-W01,369
hospital admissions,PT,2023-01-01,2022-W52,393
hospital admissions,PT,2022-12-25,2022-W51,415
hospital admissions,PT,2022-12-18,2022-W50,389
hospital admissions,PT,2022-12-11,2022-W49,454
hospital admissions,PT,2022-12-04,2022-W48,532
hospital admissions,PT,2022-11-27,2022-W47,561
hospital admissions,PT,2022-11-20,2022-W46,592
hospital admissions,PT,2022-11-13,2022-W45,562
hospital admissions,PT,2022-11-06,2022-W44,575
hospital admissions,PT,2022-10-30,2022-W43,581
hospital admissions,PT,2022-10-23,2022-W42,565
hospital admissions,PT,2022-10-16,2022-W41,564
hospital admissions,PT,2022-10-09,2022-W40,450
hospital admissions,PT,2022-10-02,2022-W39,467
hospital admissions,PT,2022-09-25,2022-W38,485
hospital admissions,PT,2022-09-18,2022-W37,496
hospital admissions,PT,2022-09-11,2022-W36,460
hospital admissions,PT,2022-09-04,2022-W35,464
hospital admissions,PT,2022-08-28,2022-W34,511
hospital admissions,PT,2022-08-21,2022-W33,487
hospital admissions,PT,2022-08-14,2022-W32,526
hospital admissions,PT,2022-08-07,2022-W31,547
hospital admissions,PT,2022-07-31,2022-W30,617
hospital admissions,PT,2022-07-24,2022-W29,749
hospital admissions,PT,2022-07-17,2022-W28,891
hospital admissions,PT,2022-07-10,2022-W27,995
hospital admissions,PT,2022-07-03,2022-W26,1120
hospital admissions,PT,2022-06-26,2022-W25,1179
hospital admissions,SK,2026-05-17,2026-W20,4
hospital admissions,SK,2026-05-10,2026-W19,2
hospital admissions,SK,2026-05-03,2026-W18,6
hospital admissions,SK,2026-04-26,2026-W17,2
hospital admissions,SK,2026-04-19,2026-W16,2
hospital admissions,SK,2026-04-12,2026-W15,1
hospital admissions,SK,2026-04-05,2026-W14,7
hospital admissions,SK,2026-03-29,2026-W13,11
hospital admissions,SK,2026-03-22,2026-W12,7
hospital admissions,SK,2026-03-15,2026-W11,7
hospital admissions,SK,2026-03-08,2026-W10,3
hospital admissions,SK,2026-03-01,2026-W09,2
hospital admissions,SK,2026-02-22,2026-W08,17
hospital admissions,SK,2026-02-15,2026-W07,13
hospital admissions,SK,2026-02-08,2026-W06,9
hospital admissions,SK,2026-02-01,2026-W05,11
hospital admissions,SK,2026-01-25,2026-W04,15
hospital admissions,SK,2026-01-18,2026-W03,21
hospital admissions,SK,2026-01-11,2026-W02,21
hospital admissions,SK,2026-01-04,2026-W01,25
hospital admissions,SK,2025-12-28,2025-W52,12
hospital admissions,SK,2025-12-21,2025-W51,20
hospital admissions,SK,2025-12-14,2025-W50,21
hospital admissions,SK,2025-12-07,2025-W49,18
hospital admissions,SK,2025-11-30,2025-W48,17
hospital admissions,SK,2025-11-23,2025-W47,15
hospital admissions,SK,2025-11-16,2025-W46,30
hospital admissions,SK,2025-11-09,2025-W45,22
hospital admissions,SK,2025-11-02,2025-W44,42
hospital admissions,SK,2025-10-26,2025-W43,57
hospital admissions,SK,2025-10-19,2025-W42,62
hospital admissions,SK,2025-10-12,2025-W41,55
hospital admissions,SK,2025-10-05,2025-W40,39
hospital admissions,SK,2025-09-28,2025-W39,38
hospital admissions,SK,2025-09-21,2025-W38,23
hospital admissions,SK,2025-09-14,2025-W37,14
hospital admissions,SK,2025-09-07,2025-W36,22
hospital admissions,SK,2025-08-31,2025-W35,10
hospital admissions,SK,2025-08-24,2025-W34,8
hospital admissions,SK,2025-08-17,2025-W33,4
hospital admissions,SK,2025-08-10,2025-W32,5
hospital admissions,SK,2025-08-03,2025-W31,4
hospital admissions,SK,2025-07-27,2025-W30,1
hospital admissions,SK,2025-07-20,2025-W29,3
hospital admissions,SK,2025-07-13,2025-W28,2
hospital admissions,SK,2025-07-06,2025-W27,2
hospital admissions,SK,2025-06-22,2025-W25,2
hospital admissions,SK,2025-06-15,2025-W24,3
hospital admissions,SK,2025-06-08,2025-W23,3
hospital admissions,SK,2025-06-01,2025-W22,1
hospital admissions,SK,2025-05-25,2025-W21,1
hospital admissions,SK,2025-05-18,2025-W20,2
hospital admissions,SK,2025-04-27,2025-W17,2
hospital admissions,SK,2025-04-20,2025-W16,1
hospital admissions,SK,2025-04-13,2025-W15,1
hospital admissions,SK,2025-04-06,2025-W14,1
hospital admissions,SK,2025-03-30,2025-W13,2
hospital admissions,SK,2025-03-23,2025-W12,1
hospital admissions,SK,2025-03-16,2025-W11,2
hospital admissions,SK,2025-03-09,2025-W10,3
hospital admissions,SK,2025-03-02,2025-W09,3
hospital admissions,SK,2025-02-23,2025-W08,4
hospital admissions,SK,2025-02-16,2025-W07,3
hospital admissions,SK,2025-02-09,2025-W06,2
hospital admissions,SK,2025-02-02,2025-W05,4
hospital admissions,SK,2025-01-26,2025-W04,8
hospital admissions,SK,2025-01-19,2025-W03,6
hospital admissions,SK,2025-01-12,2025-W02,15
hospital admissions,SK,2025-01-05,2025-W01,9
hospital admissions,SK,2024-12-29,2024-W52,13
hospital admissions,SK,2024-12-22,2024-W51,26
hospital admissions,SK,2024-12-15,2024-W50,16
hospital admissions,SK,2024-12-08,2024-W49,20
hospital admissions,SK,2024-12-01,2024-W48,31
hospital admissions,SK,2024-11-24,2024-W47,42
hospital admissions,SK,2024-11-17,2024-W46,29
hospital admissions,SK,2024-11-10,2024-W45,50
hospital admissions,SK,2024-11-03,2024-W44,42
hospital admissions,SK,2024-10-27,2024-W43,81
hospital admissions,SK,2024-10-20,2024-W42,71
hospital admissions,SK,2024-10-13,2024-W41,89
hospital admissions,SK,2024-10-06,2024-W40,110
hospital admissions,SK,2024-09-29,2024-W39,78
hospital admissions,SK,2024-09-22,2024-W38,76
hospital admissions,SK,2024-09-15,2024-W37,72
hospital admissions,SK,2024-09-08,2024-W36,57
hospital admissions,SK,2024-09-01,2024-W35,47
hospital admissions,SK,2024-08-25,2024-W34,60
hospital admissions,SK,2024-08-18,2024-W33,41
hospital admissions,SK,2024-08-11,2024-W32,36
hospital admissions,SK,2024-08-04,2024-W31,36
hospital admissions,SK,2024-07-28,2024-W30,22
hospital admissions,SK,2024-07-21,2024-W29,17
hospital admissions,SK,2024-07-14,2024-W28,9
hospital admissions,SK,2024-07-07,2024-W27,4
hospital admissions,SK,2024-06-30,2024-W26,2
hospital admissions,SK,2024-06-23,2024-W25,4
hospital admissions,SK,2024-06-16,2024-W24,2
hospital admissions,SK,2024-06-09,2024-W23,2
hospital admissions,SK,2024-06-02,2024-W22,3
hospital admissions,SK,2024-05-26,2024-W21,4
hospital admissions,SK,2024-05-19,2024-W20,4
hospital admissions,SK,2024-05-05,2024-W18,1
hospital admissions,SK,2024-04-28,2024-W17,4
hospital admissions,SK,2024-04-21,2024-W16,1
hospital admissions,SK,2024-04-14,2024-W15,6
hospital admissions,SK,2024-04-07,2024-W14,8
hospital admissions,SK,2024-03-31,2024-W13,4
hospital admissions,SK,2024-03-24,2024-W12,6
hospital admissions,SK,2024-03-17,2024-W11,4
hospital admissions,SK,2024-03-10,2024-W10,18
hospital admissions,SK,2024-03-03,2024-W09,28
hospital admissions,SK,2024-02-25,2024-W08,27
hospital admissions,SK,2024-02-18,2024-W07,32
hospital admissions,SK,2024-02-11,2024-W06,53
hospital admissions,SK,2024-02-04,2024-W05,69
hospital admissions,SK,2024-01-28,2024-W04,118
hospital admissions,SK,2024-01-21,2024-W03,113
hospital admissions,SK,2024-01-14,2024-W02,167
hospital admissions,SK,2024-01-07,2024-W01,166
hospital admissions,SK,2023-12-31,2023-W52,179
hospital admissions,SK,2023-12-24,2023-W51,267
hospital admissions,SK,2023-12-17,2023-W50,405
hospital admissions,SK,2023-12-10,2023-W49,325
hospital admissions,SK,2023-12-03,2023-W48,311
hospital admissions,SK,2023-11-26,2023-W47,228
hospital admissions,SK,2023-11-19,2023-W46,166
hospital admissions,SK,2023-11-12,2023-W45,168
hospital admissions,SK,2023-11-05,2023-W44,161
hospital admissions,SK,2023-10-29,2023-W43,176
hospital admissions,SK,2023-10-22,2023-W42,177
hospital admissions,SK,2023-10-15,2023-W41,139
hospital admissions,SK,2023-10-08,2023-W40,109
hospital admissions,SK,2023-10-01,2023-W39,121
hospital admissions,SK,2023-09-24,2023-W38,90
hospital admissions,SK,2023-09-17,2023-W37,48
hospital admissions,SK,2023-09-10,2023-W36,39
hospital admissions,SK,2023-09-03,2023-W35,24
hospital admissions,SK,2023-08-27,2023-W34,24
hospital admissions,SK,2023-08-20,2023-W33,13
hospital admissions,SK,2023-08-13,2023-W32,8
hospital admissions,SK,2023-08-06,2023-W31,6
hospital admissions,SK,2023-07-30,2023-W30,6
hospital admissions,SK,2023-07-23,2023-W29,7
hospital admissions,SK,2023-07-16,2023-W28,15
hospital admissions,SK,2023-07-09,2023-W27,6
hospital admissions,SK,2023-07-02,2023-W26,8
hospital admissions,SK,2023-06-25,2023-W25,19
hospital admissions,SK,2023-06-18,2023-W24,26
hospital admissions,SK,2023-06-11,2023-W23,19
hospital admissions,SK,2023-06-04,2023-W22,32
hospital admissions,SK,2023-05-28,2023-W21,41
hospital admissions,SK,2023-05-21,2023-W20,42
hospital admissions,SK,2023-05-14,2023-W19,67
hospital admissions,SK,2023-05-07,2023-W18,77
hospital admissions,SK,2023-04-30,2023-W17,102
hospital admissions,SK,2023-04-23,2023-W16,134
hospital admissions,SK,2023-04-16,2023-W15,192
hospital admissions,SK,2023-04-09,2023-W14,151
hospital admissions,SK,2023-04-02,2023-W13,221
hospital admissions,SK,2023-03-26,2023-W12,270
hospital admissions,SK,2023-03-19,2023-W11,308
hospital admissions,SK,2023-03-12,2023-W10,381
hospital admissions,SK,2023-03-05,2023-W09,345
hospital admissions,SK,2023-02-26,2023-W08,265
hospital admissions,SK,2023-02-19,2023-W07,295
hospital admissions,SK,2023-02-12,2023-W06,283
hospital admissions,SK,2023-02-05,2023-W05,181
hospital admissions,SK,2023-01-29,2023-W04,127
hospital admissions,SK,2023-01-22,2023-W03,148
hospital admissions,SK,2023-01-15,2023-W02,159
hospital admissions,SK,2023-01-08,2023-W01,155
hospital admissions,SK,2023-01-01,2022-W52,232
hospital admissions,SK,2022-12-25,2022-W51,239
hospital admissions,SK,2022-12-18,2022-W50,250
hospital admissions,SK,2022-12-11,2022-W49,317
hospital admissions,SK,2022-12-04,2022-W48,248
hospital admissions,SK,2022-11-27,2022-W47,171
hospital admissions,SK,2022-11-20,2022-W46,170
hospital admissions,SK,2022-11-13,2022-W45,184
hospital admissions,SK,2022-11-06,2022-W44,265
hospital admissions,SK,2022-10-30,2022-W43,312
hospital admissions,SK,2022-10-23,2022-W42,366
hospital admissions,SK,2022-10-16,2022-W41,468
hospital admissions,SK,2022-10-09,2022-W40,524
hospital admissions,SK,2022-10-02,2022-W39,564
hospital admissions,SK,2022-09-25,2022-W38,319
hospital admissions,SK,2022-09-18,2022-W37,222
hospital admissions,SK,2022-09-11,2022-W36,183
hospital admissions,SK,2022-09-04,2022-W35,191
hospital admissions,SK,2022-08-28,2022-W34,244
hospital admissions,SK,2022-08-21,2022-W33,271
hospital admissions,SK,2022-08-14,2022-W32,281
hospital admissions,SK,2022-08-07,2022-W31,300
hospital admissions,SK,2022-07-31,2022-W30,420
hospital admissions,SK,2022-07-24,2022-W29,370
hospital admissions,SK,2022-07-17,2022-W28,239
hospital admissions,SK,2022-07-10,2022-W27,163
hospital admissions,SK,2022-07-03,2022-W26,155
hospital admissions,SK,2022-06-26,2022-W25,157
hospital admissions,SI,2022-09-25,2022-W38,37
hospital admissions,SI,2022-09-18,2022-W37,57
hospital admissions,SI,2022-09-11,2022-W36,43
hospital admissions,SI,2022-09-04,2022-W35,47
hospital admissions,SI,2022-08-28,2022-W34,60
hospital admissions,SI,2022-08-21,2022-W33,65
hospital admissions,SI,2022-08-14,2022-W32,68
hospital admissions,SI,2022-08-07,2022-W31,67
hospital admissions,SI,2022-07-31,2022-W30,80
hospital admissions,SI,2022-07-24,2022-W29,92
hospital admissions,SI,2022-07-17,2022-W28,68
hospital admissions,SI,2022-07-10,2022-W27,57
hospital admissions,SI,2022-07-03,2022-W26,45
hospital admissions,SI,2022-06-26,2022-W25,20
hospital admissions,ES,2026-05-03,2026-W18,1
hospital admissions,ES,2026-04-05,2026-W14,1
hospital admissions,ES,2026-03-22,2026-W12,1
hospital admissions,ES,2026-01-04,2026-W01,3
hospital admissions,ES,2025-12-21,2025-W51,1
hospital admissions,ES,2025-12-14,2025-W50,1
hospital admissions,ES,2025-12-07,2025-W49,4
hospital admissions,ES,2025-11-30,2025-W48,1
hospital admissions,ES,2025-11-23,2025-W47,7
hospital admissions,ES,2025-11-16,2025-W46,3
hospital admissions,ES,2025-11-09,2025-W45,3
hospital admissions,ES,2025-11-02,2025-W44,5
hospital admissions,ES,2025-10-26,2025-W43,10
hospital admissions,ES,2025-10-19,2025-W42,10
hospital admissions,ES,2025-10-12,2025-W41,7
hospital admissions,ES,2025-10-05,2025-W40,18
hospital admissions,ES,2025-09-28,2025-W39,4
hospital admissions,ES,2025-09-21,2025-W38,10
hospital admissions,ES,2025-09-14,2025-W37,5
hospital admissions,ES,2025-09-07,2025-W36,5
hospital admissions,ES,2025-08-31,2025-W35,14
hospital admissions,ES,2025-08-24,2025-W34,16
hospital admissions,ES,2025-08-17,2025-W33,14
hospital admissions,ES,2025-08-10,2025-W32,15
hospital admissions,ES,2025-08-03,2025-W31,11
hospital admissions,ES,2025-07-27,2025-W30,12
hospital admissions,ES,2025-07-20,2025-W29,18
hospital admissions,ES,2025-07-13,2025-W28,11
hospital admissions,ES,2025-07-06,2025-W27,5
hospital admissions,ES,2025-06-29,2025-W26,8
hospital admissions,ES,2025-06-22,2025-W25,7
hospital admissions,ES,2025-06-15,2025-W24,12
hospital admissions,ES,2025-06-08,2025-W23,3
hospital admissions,ES,2025-06-01,2025-W22,8
hospital admissions,ES,2025-05-25,2025-W21,7
hospital admissions,ES,2025-05-18,2025-W20,5
hospital admissions,ES,2025-05-11,2025-W19,4
hospital admissions,ES,2025-05-04,2025-W18,6
hospital admissions,ES,2025-04-27,2025-W17,1
hospital admissions,ES,2025-04-20,2025-W16,4
hospital admissions,ES,2025-04-13,2025-W15,3
hospital admissions,ES,2025-04-06,2025-W14,2
hospital admissions,ES,2025-03-30,2025-W13,1
hospital admissions,ES,2025-03-23,2025-W12,5
hospital admissions,ES,2025-03-16,2025-W11,4
hospital admissions,ES,2025-03-09,2025-W10,5
hospital admissions,ES,2025-03-02,2025-W09,4
hospital admissions,ES,2025-02-23,2025-W08,4
hospital admissions,ES,2025-02-16,2025-W07,3
hospital admissions,ES,2025-02-09,2025-W06,3
hospital admissions,ES,2025-02-02,2025-W05,6
hospital admissions,ES,2025-01-26,2025-W04,5
hospital admissions,ES,2025-01-19,2025-W03,4
hospital admissions,ES,2025-01-12,2025-W02,5
hospital admissions,ES,2025-01-05,2025-W01,8
hospital admissions,ES,2024-12-29,2024-W52,6
hospital admissions,ES,2024-12-15,2024-W50,1
hospital admissions,ES,2024-12-08,2024-W49,3
hospital admissions,ES,2024-12-01,2024-W48,1
hospital admissions,ES,2024-11-24,2024-W47,1
hospital admissions,ES,2024-11-10,2024-W45,2
hospital admissions,ES,2024-11-03,2024-W44,2
hospital admissions,ES,2024-10-27,2024-W43,5
hospital admissions,ES,2024-10-20,2024-W42,8
hospital admissions,ES,2024-10-13,2024-W41,12
hospital admissions,ES,2024-10-06,2024-W40,6
hospital admissions,ES,2023-07-02,2023-W26,153
hospital admissions,ES,2023-06-25,2023-W25,516
hospital admissions,ES,2023-06-18,2023-W24,647
hospital admissions,ES,2023-06-11,2023-W23,864
hospital admissions,ES,2023-06-04,2023-W22,1160
hospital admissions,ES,2023-05-28,2023-W21,1258
hospital admissions,ES,2023-05-21,2023-W20,1292
hospital admissions,ES,2023-05-14,2023-W19,1355
hospital admissions,ES,2023-05-07,2023-W18,1347
hospital admissions,ES,2023-04-30,2023-W17,1408
hospital admissions,ES,2023-04-23,2023-W16,1380
hospital admissions,ES,2023-04-16,2023-W15,1510
hospital admissions,ES,2023-04-09,2023-W14,1183
hospital admissions,ES,2023-04-02,2023-W13,1178
hospital admissions,ES,2023-03-26,2023-W12,1190
hospital admissions,ES,2023-03-19,2023-W11,1168
hospital admissions,ES,2023-03-12,2023-W10,1359
hospital admissions,ES,2023-03-05,2023-W09,1210
hospital admissions,ES,2023-02-26,2023-W08,1181
hospital admissions,ES,2023-02-19,2023-W07,1083
hospital admissions,ES,2023-02-12,2023-W06,1090
hospital admissions,ES,2023-02-05,2023-W05,1050
hospital admissions,ES,2023-01-29,2023-W04,1102
hospital admissions,ES,2023-01-22,2023-W03,1342
hospital admissions,ES,2023-01-15,2023-W02,1869
hospital admissions,ES,2023-01-08,2023-W01,2099
hospital admissions,ES,2023-01-01,2022-W52,2100
hospital admissions,ES,2022-12-25,2022-W51,2074
hospital admissions,ES,2022-12-18,2022-W50,2350
hospital admissions,ES,2022-12-11,2022-W49,2286
hospital admissions,ES,2022-12-04,2022-W48,2191
hospital admissions,ES,2022-11-27,2022-W47,2018
hospital admissions,ES,2022-11-20,2022-W46,2082
hospital admissions,ES,2022-11-13,2022-W45,2015
hospital admissions,ES,2022-11-06,2022-W44,1777
hospital admissions,ES,2022-10-30,2022-W43,1964
hospital admissions,ES,2022-10-23,2022-W42,1999
hospital admissions,ES,2022-10-16,2022-W41,2091
hospital admissions,ES,2022-10-09,2022-W40,2119
hospital admissions,ES,2022-10-02,2022-W39,1614
hospital admissions,ES,2022-09-25,2022-W38,1407
hospital admissions,ES,2022-09-18,2022-W37,1381
hospital admissions,ES,2022-09-11,2022-W36,1335
hospital admissions,ES,2022-09-04,2022-W35,1473
hospital admissions,ES,2022-08-28,2022-W34,1744
hospital admissions,ES,2022-08-21,2022-W33,1907
hospital admissions,ES,2022-08-14,2022-W32,2388
hospital admissions,ES,2022-08-07,2022-W31,3035
hospital admissions,ES,2022-07-31,2022-W30,3868
hospital admissions,ES,2022-07-24,2022-W29,5421
hospital admissions,ES,2022-07-17,2022-W28,6701
hospital admissions,ES,2022-07-10,2022-W27,7722
hospital admissions,ES,2022-07-03,2022-W26,7559
hospital admissions,ES,2022-06-26,2022-W25,6306
hospital admissions,SE,2022-11-06,2022-W44,50
hospital admissions,SE,2022-10-30,2022-W43,57
hospital admissions,SE,2022-10-23,2022-W42,48
hospital admissions,SE,2022-10-16,2022-W41,53
hospital admissions,SE,2022-10-09,2022-W40,48
hospital admissions,SE,2022-10-02,2022-W39,63
hospital admissions,SE,2022-09-25,2022-W38,84
hospital admissions,SE,2022-09-18,2022-W37,72
hospital admissions,SE,2022-09-11,2022-W36,69
hospital admissions,SE,2022-09-04,2022-W35,59
hospital admissions,SE,2022-08-28,2022-W34,45
hospital admissions,SE,2022-08-21,2022-W33,79
hospital admissions,SE,2022-08-14,2022-W32,90
hospital admissions,SE,2022-08-07,2022-W31,92
hospital admissions,SE,2022-07-31,2022-W30,70
hospital admissions,SE,2022-07-24,2022-W29,110
hospital admissions,SE,2022-07-17,2022-W28,64
hospital admissions,SE,2022-07-10,2022-W27,43
hospital admissions,SE,2022-07-03,2022-W26,54
hospital admissions,SE,2022-06-26,2022-W25,46
